Team,League,Year,RA,W,OBP,SLG,BA,Playoffs,G,target
ARI,NL,2012.0,688.0,81.0,0.3279999999999999,0.418,0.259,0,162,734.0
ATL,NL,2012.0,600.0,94.0,0.32,0.389,0.247,1,162,700.0
BAL,AL,2012.0,705.0,93.0,0.311,0.417,0.247,1,162,712.0
BOS,AL,2012.0,806.0,69.0,0.315,0.415,0.26,0,162,734.0
CHC,NL,2012.0,759.0,61.0,0.302,0.3779999999999999,0.24,0,162,613.0
CHW,AL,2012.0,676.0,85.0,0.318,0.422,0.255,0,162,748.0
CIN,NL,2012.0,588.0,97.0,0.315,0.411,0.251,1,162,669.0
CLE,AL,2012.0,845.0,68.0,0.324,0.381,0.251,0,162,667.0
COL,NL,2012.0,890.0,64.0,0.33,0.436,0.2739999999999999,0,162,758.0
DET,AL,2012.0,670.0,88.0,0.335,0.422,0.268,1,162,726.0
HOU,NL,2012.0,794.0,55.0,0.302,0.371,0.236,0,162,583.0
KCR,AL,2012.0,746.0,72.0,0.317,0.4,0.265,0,162,676.0
LAA,AL,2012.0,699.0,89.0,0.332,0.433,0.2739999999999999,0,162,767.0
LAD,NL,2012.0,597.0,86.0,0.317,0.374,0.252,0,162,637.0
MIA,NL,2012.0,724.0,69.0,0.308,0.382,0.244,0,162,609.0
MIL,NL,2012.0,733.0,83.0,0.325,0.437,0.259,0,162,776.0
MIN,AL,2012.0,832.0,66.0,0.325,0.39,0.26,0,162,701.0
NYM,NL,2012.0,709.0,74.0,0.316,0.386,0.249,0,162,650.0
NYY,AL,2012.0,668.0,95.0,0.337,0.4529999999999999,0.265,1,162,804.0
OAK,AL,2012.0,614.0,94.0,0.31,0.4039999999999999,0.238,1,162,713.0
PHI,NL,2012.0,680.0,81.0,0.317,0.4,0.255,0,162,684.0
PIT,NL,2012.0,674.0,79.0,0.304,0.395,0.243,0,162,651.0
SDP,NL,2012.0,710.0,76.0,0.319,0.38,0.247,0,162,651.0
SEA,AL,2012.0,651.0,75.0,0.296,0.369,0.2339999999999999,0,162,619.0
SFG,NL,2012.0,649.0,94.0,0.327,0.397,0.2689999999999999,1,162,718.0
STL,NL,2012.0,648.0,88.0,0.3379999999999999,0.421,0.271,1,162,765.0
TBR,AL,2012.0,577.0,90.0,0.317,0.3939999999999999,0.24,0,162,697.0
TEX,AL,2012.0,707.0,93.0,0.3339999999999999,0.446,0.273,1,162,808.0
TOR,AL,2012.0,784.0,73.0,0.309,0.407,0.245,0,162,716.0
WSN,NL,2012.0,594.0,98.0,0.322,0.428,0.261,1,162,731.0
ARI,NL,2011.0,662.0,94.0,0.322,0.413,0.25,1,162,731.0
ATL,NL,2011.0,605.0,89.0,0.308,0.387,0.243,0,162,641.0
BAL,AL,2011.0,860.0,69.0,0.316,0.413,0.257,0,162,708.0
BOS,AL,2011.0,737.0,90.0,0.349,0.461,0.28,0,162,875.0
CHC,NL,2011.0,756.0,71.0,0.314,0.401,0.256,0,162,654.0
CHW,AL,2011.0,706.0,79.0,0.319,0.3879999999999999,0.252,0,162,654.0
CIN,NL,2011.0,720.0,79.0,0.326,0.408,0.256,0,162,735.0
CLE,AL,2011.0,760.0,80.0,0.317,0.396,0.25,0,162,704.0
COL,NL,2011.0,774.0,73.0,0.3289999999999999,0.41,0.258,0,162,735.0
DET,AL,2011.0,711.0,95.0,0.34,0.434,0.2769999999999999,1,162,787.0
FLA,NL,2011.0,702.0,72.0,0.318,0.3879999999999999,0.247,0,162,625.0
HOU,NL,2011.0,796.0,56.0,0.311,0.374,0.258,0,162,615.0
KCR,AL,2011.0,762.0,71.0,0.3289999999999999,0.415,0.275,0,162,730.0
LAA,AL,2011.0,633.0,86.0,0.313,0.402,0.253,0,162,667.0
LAD,NL,2011.0,612.0,82.0,0.322,0.375,0.257,0,161,644.0
MIL,NL,2011.0,638.0,96.0,0.325,0.425,0.261,1,162,721.0
MIN,AL,2011.0,804.0,63.0,0.306,0.36,0.247,0,162,619.0
NYM,NL,2011.0,742.0,77.0,0.335,0.391,0.264,0,162,718.0
NYY,AL,2011.0,657.0,97.0,0.3429999999999999,0.444,0.263,1,162,867.0
OAK,AL,2011.0,679.0,74.0,0.311,0.369,0.244,0,162,645.0
PHI,NL,2011.0,529.0,102.0,0.3229999999999999,0.395,0.253,1,162,713.0
PIT,NL,2011.0,712.0,72.0,0.309,0.368,0.244,0,162,610.0
SDP,NL,2011.0,611.0,71.0,0.305,0.349,0.237,0,162,593.0
SEA,AL,2011.0,675.0,67.0,0.292,0.348,0.233,0,162,556.0
SFG,NL,2011.0,578.0,86.0,0.303,0.368,0.242,0,162,570.0
STL,NL,2011.0,692.0,90.0,0.341,0.425,0.273,1,162,762.0
TBR,AL,2011.0,614.0,91.0,0.322,0.402,0.244,1,162,707.0
TEX,AL,2011.0,677.0,96.0,0.34,0.46,0.283,1,162,855.0
TOR,AL,2011.0,761.0,81.0,0.317,0.413,0.249,0,162,743.0
WSN,NL,2011.0,643.0,80.0,0.309,0.3829999999999999,0.242,0,161,624.0
ARI,NL,2010.0,836.0,65.0,0.325,0.416,0.25,0,162,713.0
ATL,NL,2010.0,629.0,91.0,0.3389999999999999,0.401,0.258,1,162,738.0
BAL,AL,2010.0,785.0,66.0,0.316,0.386,0.259,0,162,613.0
BOS,AL,2010.0,744.0,89.0,0.3389999999999999,0.451,0.268,0,162,818.0
CHC,NL,2010.0,767.0,75.0,0.32,0.401,0.257,0,162,685.0
CHW,AL,2010.0,704.0,88.0,0.332,0.42,0.268,0,162,752.0
CIN,NL,2010.0,685.0,91.0,0.3379999999999999,0.436,0.272,1,162,790.0
CLE,AL,2010.0,752.0,69.0,0.322,0.3779999999999999,0.248,0,162,646.0
COL,NL,2010.0,717.0,83.0,0.336,0.425,0.263,0,162,770.0
DET,AL,2010.0,743.0,81.0,0.335,0.415,0.268,0,162,751.0
FLA,NL,2010.0,717.0,80.0,0.321,0.4029999999999999,0.254,0,162,719.0
HOU,NL,2010.0,729.0,76.0,0.303,0.362,0.247,0,162,611.0
KCR,AL,2010.0,845.0,67.0,0.331,0.3989999999999999,0.2739999999999999,0,162,676.0
LAA,AL,2010.0,702.0,80.0,0.311,0.39,0.248,0,162,681.0
LAD,NL,2010.0,692.0,80.0,0.322,0.379,0.252,0,162,667.0
MIL,NL,2010.0,804.0,77.0,0.335,0.424,0.262,0,162,750.0
MIN,AL,2010.0,671.0,94.0,0.341,0.422,0.273,1,162,781.0
NYM,NL,2010.0,652.0,79.0,0.314,0.3829999999999999,0.249,0,162,656.0
NYY,AL,2010.0,693.0,95.0,0.35,0.436,0.267,1,162,859.0
OAK,AL,2010.0,626.0,81.0,0.324,0.3779999999999999,0.256,0,162,663.0
PHI,NL,2010.0,640.0,97.0,0.332,0.413,0.26,1,162,772.0
PIT,NL,2010.0,866.0,57.0,0.304,0.373,0.242,0,162,587.0
SDP,NL,2010.0,581.0,90.0,0.317,0.371,0.246,0,162,665.0
SEA,AL,2010.0,698.0,61.0,0.298,0.3389999999999999,0.236,0,162,513.0
SFG,NL,2010.0,583.0,92.0,0.321,0.408,0.257,1,162,697.0
STL,NL,2010.0,641.0,86.0,0.332,0.402,0.263,0,162,736.0
TBR,AL,2010.0,649.0,96.0,0.3329999999999999,0.4029999999999999,0.247,1,162,802.0
TEX,AL,2010.0,687.0,90.0,0.3379999999999999,0.419,0.276,1,162,787.0
TOR,AL,2010.0,728.0,85.0,0.312,0.4539999999999999,0.248,0,162,755.0
WSN,NL,2010.0,742.0,69.0,0.318,0.39,0.25,0,162,655.0
ARI,NL,2009.0,782.0,70.0,0.324,0.418,0.253,0,162,720.0
ATL,NL,2009.0,641.0,86.0,0.3389999999999999,0.405,0.263,0,162,735.0
BAL,AL,2009.0,876.0,64.0,0.332,0.415,0.268,0,162,741.0
BOS,AL,2009.0,736.0,95.0,0.352,0.4539999999999999,0.27,1,162,872.0
CHC,NL,2009.0,672.0,83.0,0.332,0.407,0.255,0,161,707.0
CHW,AL,2009.0,732.0,79.0,0.3289999999999999,0.411,0.258,0,162,724.0
CIN,NL,2009.0,723.0,78.0,0.318,0.3939999999999999,0.247,0,162,673.0
CLE,AL,2009.0,865.0,65.0,0.3389999999999999,0.417,0.264,0,162,773.0
COL,NL,2009.0,715.0,92.0,0.3429999999999999,0.441,0.261,1,162,804.0
DET,AL,2009.0,745.0,86.0,0.331,0.416,0.26,0,163,743.0
FLA,NL,2009.0,766.0,87.0,0.34,0.416,0.268,0,162,772.0
HOU,NL,2009.0,770.0,74.0,0.319,0.4,0.26,0,162,643.0
KCR,AL,2009.0,842.0,65.0,0.318,0.405,0.259,0,162,686.0
LAA,AL,2009.0,761.0,97.0,0.35,0.441,0.285,1,162,883.0
LAD,NL,2009.0,611.0,95.0,0.346,0.412,0.27,1,162,780.0
MIL,NL,2009.0,818.0,80.0,0.341,0.426,0.263,0,162,785.0
MIN,AL,2009.0,765.0,87.0,0.345,0.429,0.2739999999999999,1,163,817.0
NYM,NL,2009.0,757.0,70.0,0.335,0.3939999999999999,0.27,0,162,671.0
NYY,AL,2009.0,753.0,103.0,0.362,0.478,0.283,1,162,915.0
OAK,AL,2009.0,761.0,75.0,0.3279999999999999,0.397,0.262,0,162,759.0
PHI,NL,2009.0,709.0,93.0,0.3339999999999999,0.447,0.258,1,162,820.0
PIT,NL,2009.0,768.0,62.0,0.318,0.387,0.252,0,161,636.0
SDP,NL,2009.0,769.0,75.0,0.321,0.381,0.242,0,162,638.0
SEA,AL,2009.0,692.0,85.0,0.314,0.402,0.258,0,162,640.0
SFG,NL,2009.0,611.0,88.0,0.309,0.389,0.257,0,162,657.0
STL,NL,2009.0,640.0,91.0,0.332,0.415,0.263,1,162,730.0
TBR,AL,2009.0,754.0,84.0,0.3429999999999999,0.439,0.263,0,162,803.0
TEX,AL,2009.0,740.0,87.0,0.32,0.445,0.26,0,162,784.0
TOR,AL,2009.0,771.0,75.0,0.3329999999999999,0.44,0.266,0,162,798.0
WSN,NL,2009.0,874.0,59.0,0.337,0.406,0.258,0,162,710.0
ARI,NL,2008.0,706.0,82.0,0.327,0.415,0.251,0,162,720.0
ATL,NL,2008.0,778.0,72.0,0.345,0.408,0.27,0,162,753.0
BAL,AL,2008.0,869.0,68.0,0.3329999999999999,0.429,0.267,0,161,782.0
BOS,AL,2008.0,694.0,95.0,0.358,0.447,0.28,1,162,845.0
CHC,NL,2008.0,671.0,97.0,0.354,0.4429999999999999,0.278,1,161,855.0
CHW,AL,2008.0,729.0,89.0,0.332,0.4479999999999999,0.263,1,163,811.0
CIN,NL,2008.0,800.0,74.0,0.321,0.408,0.247,0,162,704.0
CLE,AL,2008.0,761.0,81.0,0.3389999999999999,0.424,0.262,0,162,805.0
COL,NL,2008.0,822.0,74.0,0.336,0.415,0.263,0,162,747.0
DET,AL,2008.0,857.0,74.0,0.34,0.444,0.271,0,162,821.0
FLA,NL,2008.0,767.0,84.0,0.326,0.433,0.254,0,161,770.0
HOU,NL,2008.0,743.0,86.0,0.3229999999999999,0.415,0.263,0,161,712.0
KCR,AL,2008.0,781.0,75.0,0.32,0.397,0.2689999999999999,0,162,691.0
LAA,AL,2008.0,697.0,100.0,0.33,0.413,0.268,1,162,765.0
LAD,NL,2008.0,648.0,84.0,0.3329999999999999,0.3989999999999999,0.264,1,162,700.0
MIL,NL,2008.0,689.0,90.0,0.325,0.431,0.253,1,162,750.0
MIN,AL,2008.0,745.0,88.0,0.34,0.408,0.2789999999999999,0,163,829.0
NYM,NL,2008.0,715.0,89.0,0.34,0.42,0.266,0,162,799.0
NYY,AL,2008.0,727.0,89.0,0.342,0.427,0.271,0,162,789.0
OAK,AL,2008.0,690.0,75.0,0.318,0.369,0.242,0,161,646.0
PHI,NL,2008.0,680.0,92.0,0.332,0.4379999999999999,0.255,1,162,799.0
PIT,NL,2008.0,884.0,67.0,0.32,0.4029999999999999,0.258,0,162,735.0
SDP,NL,2008.0,764.0,63.0,0.317,0.39,0.25,0,162,637.0
SEA,AL,2008.0,811.0,61.0,0.318,0.389,0.265,0,162,671.0
SFG,NL,2008.0,759.0,72.0,0.321,0.382,0.262,0,162,640.0
STL,NL,2008.0,725.0,86.0,0.35,0.433,0.281,0,162,779.0
TBR,AL,2008.0,671.0,97.0,0.34,0.422,0.26,1,162,774.0
TEX,AL,2008.0,967.0,79.0,0.354,0.462,0.283,0,162,901.0
TOR,AL,2008.0,610.0,86.0,0.331,0.3989999999999999,0.264,0,162,714.0
WSN,NL,2008.0,825.0,59.0,0.3229999999999999,0.373,0.251,0,161,641.0
ARI,NL,2007.0,732.0,90.0,0.321,0.413,0.25,1,162,712.0
ATL,NL,2007.0,733.0,84.0,0.3389999999999999,0.435,0.275,0,162,810.0
BAL,AL,2007.0,868.0,69.0,0.3329999999999999,0.412,0.272,0,162,756.0
BOS,AL,2007.0,657.0,96.0,0.362,0.444,0.2789999999999999,1,162,867.0
CHC,NL,2007.0,690.0,85.0,0.3329999999999999,0.422,0.271,1,162,752.0
CHW,AL,2007.0,839.0,72.0,0.318,0.4039999999999999,0.246,0,162,693.0
CIN,NL,2007.0,853.0,72.0,0.335,0.436,0.267,0,162,783.0
CLE,AL,2007.0,704.0,96.0,0.3429999999999999,0.428,0.268,1,162,811.0
COL,NL,2007.0,758.0,90.0,0.354,0.437,0.28,1,163,860.0
DET,AL,2007.0,797.0,88.0,0.345,0.4579999999999999,0.287,0,162,887.0
FLA,NL,2007.0,891.0,71.0,0.336,0.4479999999999999,0.267,0,162,790.0
HOU,NL,2007.0,813.0,73.0,0.33,0.412,0.26,0,162,723.0
KCR,AL,2007.0,778.0,69.0,0.322,0.3879999999999999,0.261,0,162,706.0
LAA,AL,2007.0,731.0,94.0,0.345,0.417,0.284,1,162,822.0
LAD,NL,2007.0,727.0,82.0,0.337,0.406,0.275,0,162,735.0
MIL,NL,2007.0,776.0,83.0,0.3289999999999999,0.456,0.262,0,162,801.0
MIN,AL,2007.0,725.0,79.0,0.33,0.391,0.264,0,162,718.0
NYM,NL,2007.0,750.0,88.0,0.342,0.432,0.275,0,162,804.0
NYY,AL,2007.0,777.0,94.0,0.366,0.4629999999999999,0.29,1,162,968.0
OAK,AL,2007.0,758.0,76.0,0.3379999999999999,0.407,0.256,0,162,741.0
PHI,NL,2007.0,821.0,89.0,0.354,0.4579999999999999,0.2739999999999999,1,162,892.0
PIT,NL,2007.0,846.0,68.0,0.325,0.411,0.263,0,162,724.0
SDP,NL,2007.0,666.0,89.0,0.322,0.411,0.251,0,163,741.0
SEA,AL,2007.0,813.0,88.0,0.337,0.425,0.287,0,162,794.0
SFG,NL,2007.0,720.0,71.0,0.322,0.387,0.254,0,162,683.0
STL,NL,2007.0,829.0,78.0,0.337,0.405,0.2739999999999999,0,162,725.0
TBD,AL,2007.0,944.0,66.0,0.336,0.433,0.268,0,162,782.0
TEX,AL,2007.0,844.0,75.0,0.3279999999999999,0.426,0.263,0,162,816.0
TOR,AL,2007.0,699.0,83.0,0.327,0.419,0.259,0,162,753.0
WSN,NL,2007.0,783.0,73.0,0.325,0.39,0.256,0,162,673.0
ARI,NL,2006.0,788.0,76.0,0.331,0.424,0.267,0,162,773.0
ATL,NL,2006.0,805.0,79.0,0.337,0.455,0.27,0,162,849.0
BAL,AL,2006.0,899.0,70.0,0.3389999999999999,0.424,0.2769999999999999,0,162,768.0
BOS,AL,2006.0,825.0,86.0,0.351,0.435,0.2689999999999999,0,162,820.0
CHC,NL,2006.0,834.0,66.0,0.319,0.422,0.268,0,162,716.0
CHW,AL,2006.0,794.0,90.0,0.342,0.4639999999999999,0.28,0,162,868.0
CIN,NL,2006.0,801.0,80.0,0.336,0.432,0.257,0,162,749.0
CLE,AL,2006.0,782.0,78.0,0.349,0.457,0.28,0,162,870.0
COL,NL,2006.0,812.0,76.0,0.341,0.433,0.27,0,162,813.0
DET,AL,2006.0,675.0,95.0,0.3289999999999999,0.449,0.2739999999999999,1,162,822.0
FLA,NL,2006.0,772.0,78.0,0.331,0.435,0.264,0,162,758.0
HOU,NL,2006.0,719.0,82.0,0.332,0.409,0.255,0,162,735.0
KCR,AL,2006.0,971.0,62.0,0.332,0.411,0.271,0,162,757.0
LAA,AL,2006.0,732.0,89.0,0.3339999999999999,0.425,0.2739999999999999,0,162,766.0
LAD,NL,2006.0,751.0,88.0,0.348,0.432,0.276,1,162,820.0
MIL,NL,2006.0,833.0,75.0,0.327,0.42,0.258,0,162,730.0
MIN,AL,2006.0,683.0,96.0,0.347,0.425,0.287,1,162,801.0
NYM,NL,2006.0,731.0,97.0,0.3339999999999999,0.445,0.264,1,162,834.0
NYY,AL,2006.0,767.0,97.0,0.363,0.461,0.285,1,162,930.0
OAK,AL,2006.0,727.0,93.0,0.34,0.412,0.26,1,162,771.0
PHI,NL,2006.0,812.0,85.0,0.347,0.447,0.267,0,162,865.0
PIT,NL,2006.0,797.0,67.0,0.327,0.397,0.263,0,162,691.0
SDP,NL,2006.0,679.0,88.0,0.332,0.416,0.263,1,162,731.0
SEA,AL,2006.0,792.0,78.0,0.325,0.424,0.272,0,162,756.0
SFG,NL,2006.0,790.0,76.0,0.324,0.422,0.259,0,161,746.0
STL,NL,2006.0,762.0,83.0,0.337,0.431,0.2689999999999999,1,161,781.0
TBD,AL,2006.0,856.0,61.0,0.314,0.42,0.255,0,162,689.0
TEX,AL,2006.0,784.0,80.0,0.3379999999999999,0.446,0.278,0,162,835.0
TOR,AL,2006.0,754.0,87.0,0.348,0.4629999999999999,0.284,0,162,809.0
WSN,NL,2006.0,872.0,71.0,0.3379999999999999,0.418,0.262,0,162,746.0
ARI,NL,2005.0,856.0,77.0,0.332,0.421,0.256,0,162,696.0
ATL,NL,2005.0,674.0,90.0,0.3329999999999999,0.435,0.265,1,162,769.0
BAL,AL,2005.0,800.0,74.0,0.327,0.434,0.2689999999999999,0,162,729.0
BOS,AL,2005.0,805.0,95.0,0.357,0.4539999999999999,0.281,1,162,910.0
CHC,NL,2005.0,714.0,79.0,0.324,0.44,0.27,0,162,703.0
CHW,AL,2005.0,645.0,99.0,0.322,0.425,0.262,1,162,741.0
CIN,NL,2005.0,889.0,73.0,0.3389999999999999,0.446,0.261,0,163,820.0
CLE,AL,2005.0,642.0,93.0,0.3339999999999999,0.4529999999999999,0.271,0,162,790.0
COL,NL,2005.0,862.0,67.0,0.3329999999999999,0.411,0.267,0,162,740.0
DET,AL,2005.0,787.0,71.0,0.321,0.428,0.272,0,162,723.0
FLA,NL,2005.0,732.0,83.0,0.3389999999999999,0.409,0.272,0,162,717.0
HOU,NL,2005.0,609.0,89.0,0.322,0.408,0.256,1,163,693.0
KCR,AL,2005.0,935.0,56.0,0.32,0.396,0.263,0,162,701.0
LAA,AL,2005.0,643.0,95.0,0.325,0.409,0.27,1,162,761.0
LAD,NL,2005.0,755.0,71.0,0.326,0.395,0.253,0,162,685.0
MIL,NL,2005.0,697.0,81.0,0.331,0.423,0.259,0,162,726.0
MIN,AL,2005.0,662.0,83.0,0.3229999999999999,0.391,0.259,0,162,688.0
NYM,NL,2005.0,648.0,83.0,0.322,0.416,0.258,0,162,722.0
NYY,AL,2005.0,789.0,95.0,0.355,0.45,0.276,1,162,886.0
OAK,AL,2005.0,658.0,88.0,0.33,0.407,0.262,0,162,772.0
PHI,NL,2005.0,726.0,88.0,0.348,0.423,0.27,0,162,807.0
PIT,NL,2005.0,769.0,67.0,0.322,0.4,0.259,0,162,680.0
SDP,NL,2005.0,726.0,82.0,0.3329999999999999,0.391,0.257,1,162,684.0
SEA,AL,2005.0,751.0,69.0,0.317,0.391,0.256,0,162,699.0
SFG,NL,2005.0,745.0,75.0,0.319,0.396,0.261,0,162,649.0
STL,NL,2005.0,634.0,100.0,0.3389999999999999,0.423,0.27,1,162,805.0
TBD,AL,2005.0,936.0,67.0,0.3289999999999999,0.425,0.2739999999999999,0,162,750.0
TEX,AL,2005.0,858.0,79.0,0.3289999999999999,0.4679999999999999,0.267,0,162,865.0
TOR,AL,2005.0,705.0,80.0,0.331,0.407,0.265,0,162,775.0
WSN,NL,2005.0,673.0,81.0,0.322,0.386,0.252,0,162,639.0
ANA,AL,2004.0,734.0,92.0,0.341,0.429,0.282,1,162,836.0
ARI,NL,2004.0,899.0,51.0,0.31,0.3929999999999999,0.253,0,162,615.0
ATL,NL,2004.0,668.0,96.0,0.3429999999999999,0.434,0.27,1,162,803.0
BAL,AL,2004.0,830.0,78.0,0.345,0.432,0.281,0,162,842.0
BOS,AL,2004.0,768.0,98.0,0.36,0.472,0.282,1,162,949.0
CHC,NL,2004.0,665.0,89.0,0.3279999999999999,0.4579999999999999,0.268,0,162,789.0
CHW,AL,2004.0,831.0,83.0,0.3329999999999999,0.457,0.268,0,162,865.0
CIN,NL,2004.0,907.0,76.0,0.331,0.418,0.25,0,162,750.0
CLE,AL,2004.0,857.0,80.0,0.351,0.444,0.276,0,162,858.0
COL,NL,2004.0,923.0,68.0,0.345,0.455,0.275,0,162,833.0
DET,AL,2004.0,844.0,72.0,0.337,0.449,0.272,0,162,827.0
FLA,NL,2004.0,700.0,83.0,0.3289999999999999,0.406,0.264,0,162,718.0
HOU,NL,2004.0,698.0,92.0,0.342,0.436,0.267,1,162,803.0
KCR,AL,2004.0,905.0,58.0,0.322,0.397,0.259,0,162,720.0
LAD,NL,2004.0,684.0,93.0,0.332,0.423,0.262,1,162,761.0
MIL,NL,2004.0,757.0,67.0,0.321,0.387,0.248,0,161,634.0
MIN,AL,2004.0,715.0,92.0,0.332,0.431,0.266,1,162,780.0
MON,NL,2004.0,769.0,67.0,0.313,0.392,0.249,0,162,635.0
NYM,NL,2004.0,731.0,71.0,0.317,0.409,0.249,0,162,684.0
NYY,AL,2004.0,808.0,101.0,0.353,0.4579999999999999,0.268,1,162,897.0
OAK,AL,2004.0,742.0,91.0,0.3429999999999999,0.433,0.27,0,162,793.0
PHI,NL,2004.0,781.0,86.0,0.345,0.4429999999999999,0.267,0,162,840.0
PIT,NL,2004.0,744.0,72.0,0.321,0.401,0.26,0,161,680.0
SDP,NL,2004.0,705.0,87.0,0.342,0.414,0.273,0,162,768.0
SEA,AL,2004.0,823.0,63.0,0.331,0.396,0.27,0,162,698.0
SFG,NL,2004.0,770.0,91.0,0.357,0.4379999999999999,0.27,0,162,850.0
STL,NL,2004.0,659.0,105.0,0.344,0.46,0.278,1,162,855.0
TBD,AL,2004.0,842.0,70.0,0.32,0.405,0.258,0,161,714.0
TEX,AL,2004.0,794.0,89.0,0.3289999999999999,0.457,0.266,0,162,860.0
TOR,AL,2004.0,823.0,67.0,0.3279999999999999,0.4029999999999999,0.26,0,161,719.0
ANA,AL,2003.0,743.0,77.0,0.33,0.413,0.268,0,162,736.0
ARI,NL,2003.0,685.0,84.0,0.33,0.417,0.263,0,162,717.0
ATL,NL,2003.0,740.0,101.0,0.349,0.475,0.284,1,162,907.0
BAL,AL,2003.0,820.0,71.0,0.3229999999999999,0.405,0.268,0,163,743.0
BOS,AL,2003.0,809.0,95.0,0.36,0.491,0.289,1,162,961.0
CHC,NL,2003.0,683.0,88.0,0.3229999999999999,0.416,0.259,1,162,724.0
CHW,AL,2003.0,715.0,86.0,0.331,0.446,0.263,0,162,791.0
CIN,NL,2003.0,886.0,69.0,0.318,0.395,0.245,0,162,694.0
CLE,AL,2003.0,778.0,68.0,0.316,0.401,0.254,0,162,699.0
COL,NL,2003.0,892.0,74.0,0.344,0.445,0.267,0,162,853.0
DET,AL,2003.0,928.0,43.0,0.3,0.375,0.24,0,162,591.0
FLA,NL,2003.0,692.0,91.0,0.3329999999999999,0.421,0.266,1,162,751.0
HOU,NL,2003.0,677.0,87.0,0.336,0.431,0.263,0,162,805.0
KCR,AL,2003.0,867.0,83.0,0.336,0.427,0.2739999999999999,0,162,836.0
LAD,NL,2003.0,556.0,85.0,0.303,0.368,0.243,0,162,574.0
MIL,NL,2003.0,873.0,68.0,0.3289999999999999,0.419,0.256,0,162,714.0
MIN,AL,2003.0,758.0,90.0,0.341,0.431,0.2769999999999999,1,162,801.0
MON,NL,2003.0,716.0,83.0,0.326,0.401,0.258,0,162,711.0
NYM,NL,2003.0,754.0,66.0,0.314,0.374,0.247,0,161,642.0
NYY,AL,2003.0,716.0,101.0,0.356,0.4529999999999999,0.271,1,163,877.0
OAK,AL,2003.0,643.0,96.0,0.327,0.417,0.254,1,162,768.0
PHI,NL,2003.0,697.0,86.0,0.3429999999999999,0.419,0.261,0,162,791.0
PIT,NL,2003.0,801.0,75.0,0.3379999999999999,0.42,0.267,0,162,753.0
SDP,NL,2003.0,831.0,64.0,0.3329999999999999,0.3879999999999999,0.261,0,162,678.0
SEA,AL,2003.0,637.0,93.0,0.344,0.41,0.271,0,162,795.0
SFG,NL,2003.0,638.0,100.0,0.3379999999999999,0.425,0.264,1,161,755.0
STL,NL,2003.0,796.0,85.0,0.35,0.4539999999999999,0.2789999999999999,0,162,876.0
TBD,AL,2003.0,852.0,63.0,0.32,0.4039999999999999,0.265,0,162,715.0
TEX,AL,2003.0,969.0,71.0,0.33,0.4539999999999999,0.266,0,162,826.0
TOR,AL,2003.0,826.0,86.0,0.349,0.455,0.2789999999999999,0,162,894.0
ANA,AL,2002.0,644.0,99.0,0.341,0.433,0.282,1,162,851.0
ARI,NL,2002.0,674.0,98.0,0.346,0.423,0.267,1,162,819.0
ATL,NL,2002.0,565.0,101.0,0.331,0.409,0.26,1,161,708.0
BAL,AL,2002.0,773.0,67.0,0.309,0.4029999999999999,0.246,0,162,667.0
BOS,AL,2002.0,665.0,93.0,0.345,0.444,0.2769999999999999,0,162,859.0
CHC,NL,2002.0,759.0,67.0,0.321,0.413,0.246,0,162,706.0
CHW,AL,2002.0,798.0,81.0,0.3379999999999999,0.449,0.268,0,162,856.0
CIN,NL,2002.0,774.0,78.0,0.33,0.408,0.253,0,162,709.0
CLE,AL,2002.0,837.0,74.0,0.321,0.412,0.249,0,162,739.0
COL,NL,2002.0,898.0,73.0,0.337,0.423,0.2739999999999999,0,162,778.0
DET,AL,2002.0,864.0,55.0,0.3,0.379,0.248,0,161,575.0
FLA,NL,2002.0,763.0,79.0,0.337,0.4029999999999999,0.261,0,162,699.0
HOU,NL,2002.0,695.0,84.0,0.3379999999999999,0.417,0.262,0,162,749.0
KCR,AL,2002.0,891.0,62.0,0.3229999999999999,0.3979999999999999,0.256,0,162,737.0
LAD,NL,2002.0,643.0,92.0,0.32,0.409,0.264,0,162,713.0
MIL,NL,2002.0,821.0,56.0,0.32,0.39,0.253,0,162,627.0
MIN,AL,2002.0,712.0,94.0,0.332,0.437,0.272,1,161,768.0
MON,NL,2002.0,718.0,83.0,0.3339999999999999,0.418,0.261,0,162,735.0
NYM,NL,2002.0,703.0,75.0,0.322,0.395,0.256,0,161,690.0
NYY,AL,2002.0,697.0,103.0,0.354,0.455,0.275,1,161,897.0
OAK,AL,2002.0,654.0,103.0,0.3389999999999999,0.432,0.261,1,162,800.0
PHI,NL,2002.0,724.0,80.0,0.3389999999999999,0.422,0.259,0,161,710.0
PIT,NL,2002.0,730.0,72.0,0.319,0.381,0.244,0,161,641.0
SDP,NL,2002.0,815.0,66.0,0.321,0.381,0.253,0,162,662.0
SEA,AL,2002.0,699.0,93.0,0.35,0.419,0.275,0,162,814.0
SFG,NL,2002.0,616.0,95.0,0.344,0.442,0.267,1,162,783.0
STL,NL,2002.0,648.0,97.0,0.3379999999999999,0.425,0.268,1,162,787.0
TBD,AL,2002.0,918.0,55.0,0.314,0.39,0.253,0,161,673.0
TEX,AL,2002.0,882.0,72.0,0.3379999999999999,0.455,0.2689999999999999,0,162,843.0
TOR,AL,2002.0,828.0,78.0,0.327,0.43,0.261,0,162,813.0
ANA,AL,2001.0,730.0,75.0,0.327,0.405,0.261,0,162,691.0
ARI,NL,2001.0,677.0,92.0,0.341,0.442,0.267,1,162,818.0
ATL,NL,2001.0,643.0,88.0,0.324,0.412,0.26,1,162,729.0
BAL,AL,2001.0,829.0,63.0,0.319,0.38,0.248,0,162,687.0
BOS,AL,2001.0,745.0,82.0,0.3339999999999999,0.439,0.266,0,161,772.0
CHC,NL,2001.0,701.0,88.0,0.336,0.43,0.261,0,162,777.0
CHW,AL,2001.0,795.0,83.0,0.3339999999999999,0.451,0.268,0,162,798.0
CIN,NL,2001.0,850.0,66.0,0.324,0.419,0.262,0,162,735.0
CLE,AL,2001.0,821.0,91.0,0.35,0.4579999999999999,0.278,1,162,897.0
COL,NL,2001.0,906.0,73.0,0.354,0.483,0.292,0,162,923.0
DET,AL,2001.0,876.0,66.0,0.32,0.409,0.26,0,162,724.0
FLA,NL,2001.0,744.0,76.0,0.326,0.423,0.264,0,162,742.0
HOU,NL,2001.0,769.0,93.0,0.347,0.451,0.271,1,162,847.0
KCR,AL,2001.0,858.0,65.0,0.318,0.409,0.266,0,162,729.0
LAD,NL,2001.0,744.0,86.0,0.3229999999999999,0.425,0.255,0,162,758.0
MIL,NL,2001.0,806.0,68.0,0.319,0.426,0.251,0,162,740.0
MIN,AL,2001.0,766.0,85.0,0.337,0.433,0.272,0,162,771.0
MON,NL,2001.0,812.0,68.0,0.319,0.396,0.253,0,162,670.0
NYM,NL,2001.0,713.0,82.0,0.3229999999999999,0.387,0.249,0,162,642.0
NYY,AL,2001.0,713.0,95.0,0.3339999999999999,0.435,0.267,1,161,804.0
OAK,AL,2001.0,645.0,102.0,0.345,0.439,0.264,1,162,884.0
PHI,NL,2001.0,719.0,86.0,0.3289999999999999,0.414,0.26,0,162,746.0
PIT,NL,2001.0,858.0,62.0,0.313,0.3929999999999999,0.247,0,162,657.0
SDP,NL,2001.0,812.0,79.0,0.336,0.3989999999999999,0.252,0,162,789.0
SEA,AL,2001.0,627.0,116.0,0.36,0.445,0.288,1,162,927.0
SFG,NL,2001.0,748.0,90.0,0.342,0.46,0.266,0,162,799.0
STL,NL,2001.0,684.0,93.0,0.3389999999999999,0.441,0.27,1,162,814.0
TBD,AL,2001.0,887.0,62.0,0.32,0.3879999999999999,0.258,0,162,672.0
TEX,AL,2001.0,968.0,73.0,0.344,0.471,0.275,0,162,890.0
TOR,AL,2001.0,753.0,80.0,0.325,0.43,0.263,0,162,767.0
ANA,AL,2000.0,869.0,82.0,0.352,0.472,0.28,0,162,864.0
ARI,NL,2000.0,754.0,85.0,0.3329999999999999,0.429,0.265,0,162,792.0
ATL,NL,2000.0,714.0,95.0,0.346,0.429,0.271,1,162,810.0
BAL,AL,2000.0,913.0,74.0,0.341,0.435,0.272,0,162,794.0
BOS,AL,2000.0,745.0,85.0,0.341,0.423,0.267,0,162,792.0
CHC,NL,2000.0,904.0,65.0,0.335,0.411,0.256,0,162,764.0
CHW,AL,2000.0,839.0,95.0,0.356,0.47,0.286,1,162,978.0
CIN,NL,2000.0,765.0,85.0,0.3429999999999999,0.447,0.2739999999999999,0,163,825.0
CLE,AL,2000.0,816.0,90.0,0.367,0.47,0.288,0,162,950.0
COL,NL,2000.0,897.0,82.0,0.362,0.455,0.294,0,162,968.0
DET,AL,2000.0,827.0,79.0,0.3429999999999999,0.4379999999999999,0.275,0,162,823.0
FLA,NL,2000.0,797.0,79.0,0.331,0.409,0.262,0,161,731.0
HOU,NL,2000.0,944.0,72.0,0.361,0.477,0.278,0,162,938.0
KCR,AL,2000.0,930.0,77.0,0.348,0.425,0.288,0,162,879.0
LAD,NL,2000.0,729.0,86.0,0.341,0.431,0.257,0,162,798.0
MIL,NL,2000.0,826.0,73.0,0.325,0.4029999999999999,0.246,0,163,740.0
MIN,AL,2000.0,880.0,69.0,0.337,0.407,0.27,0,162,748.0
MON,NL,2000.0,902.0,67.0,0.326,0.432,0.266,0,162,738.0
NYM,NL,2000.0,738.0,94.0,0.346,0.43,0.263,1,162,807.0
NYY,AL,2000.0,814.0,87.0,0.354,0.45,0.2769999999999999,1,161,871.0
OAK,AL,2000.0,813.0,91.0,0.36,0.4579999999999999,0.27,1,161,947.0
PHI,NL,2000.0,830.0,65.0,0.3289999999999999,0.4,0.251,0,162,708.0
PIT,NL,2000.0,888.0,69.0,0.3389999999999999,0.424,0.267,0,162,793.0
SDP,NL,2000.0,815.0,76.0,0.33,0.402,0.254,0,162,752.0
SEA,AL,2000.0,780.0,91.0,0.361,0.442,0.2689999999999999,1,162,907.0
SFG,NL,2000.0,747.0,97.0,0.362,0.472,0.278,1,162,925.0
STL,NL,2000.0,771.0,95.0,0.356,0.455,0.27,1,162,887.0
TBD,AL,2000.0,842.0,69.0,0.3289999999999999,0.3989999999999999,0.257,0,161,733.0
TEX,AL,2000.0,974.0,71.0,0.352,0.446,0.283,0,162,848.0
TOR,AL,2000.0,908.0,83.0,0.341,0.469,0.275,0,162,861.0
ANA,AL,1999.0,826.0,70.0,0.322,0.395,0.256,0,162,711.0
ARI,NL,1999.0,676.0,100.0,0.347,0.4589999999999999,0.2769999999999999,1,162,908.0
ATL,NL,1999.0,661.0,103.0,0.341,0.436,0.266,1,162,840.0
BAL,AL,1999.0,815.0,78.0,0.353,0.447,0.2789999999999999,0,162,851.0
BOS,AL,1999.0,718.0,94.0,0.35,0.4479999999999999,0.278,1,162,836.0
CHC,NL,1999.0,920.0,67.0,0.3289999999999999,0.42,0.257,0,162,747.0
CHW,AL,1999.0,870.0,75.0,0.337,0.429,0.2769999999999999,0,162,777.0
CIN,NL,1999.0,711.0,96.0,0.341,0.451,0.272,0,163,865.0
CLE,AL,1999.0,860.0,97.0,0.373,0.467,0.289,1,162,1009.0
COL,NL,1999.0,1028.0,72.0,0.348,0.472,0.288,0,162,906.0
DET,AL,1999.0,882.0,69.0,0.326,0.4429999999999999,0.261,0,161,747.0
FLA,NL,1999.0,852.0,64.0,0.325,0.395,0.263,0,162,691.0
HOU,NL,1999.0,675.0,97.0,0.355,0.42,0.267,1,162,823.0
KCR,AL,1999.0,921.0,64.0,0.348,0.433,0.282,0,161,856.0
LAD,NL,1999.0,787.0,77.0,0.3389999999999999,0.42,0.266,0,162,793.0
MIL,NL,1999.0,886.0,74.0,0.353,0.426,0.273,0,161,815.0
MIN,AL,1999.0,845.0,63.0,0.3279999999999999,0.384,0.264,0,161,686.0
MON,NL,1999.0,853.0,68.0,0.3229999999999999,0.427,0.265,0,162,718.0
NYM,NL,1999.0,711.0,97.0,0.363,0.434,0.2789999999999999,1,163,853.0
NYY,AL,1999.0,731.0,98.0,0.366,0.4529999999999999,0.282,1,162,900.0
OAK,AL,1999.0,846.0,87.0,0.355,0.446,0.259,0,162,893.0
PHI,NL,1999.0,846.0,77.0,0.351,0.431,0.275,0,162,841.0
PIT,NL,1999.0,782.0,78.0,0.3339999999999999,0.419,0.259,0,161,775.0
SDP,NL,1999.0,781.0,74.0,0.332,0.3929999999999999,0.252,0,162,710.0
SEA,AL,1999.0,905.0,79.0,0.3429999999999999,0.455,0.2689999999999999,0,162,859.0
SFG,NL,1999.0,831.0,86.0,0.356,0.434,0.271,0,162,872.0
STL,NL,1999.0,838.0,75.0,0.3379999999999999,0.426,0.262,0,161,809.0
TBD,AL,1999.0,913.0,69.0,0.3429999999999999,0.411,0.2739999999999999,0,162,772.0
TEX,AL,1999.0,859.0,95.0,0.361,0.479,0.293,1,162,945.0
TOR,AL,1999.0,862.0,84.0,0.352,0.457,0.28,0,162,883.0
ANA,AL,1998.0,783.0,85.0,0.335,0.415,0.272,0,162,787.0
ARI,NL,1998.0,812.0,65.0,0.314,0.3929999999999999,0.246,0,162,665.0
ATL,NL,1998.0,581.0,106.0,0.342,0.4529999999999999,0.272,1,162,826.0
BAL,AL,1998.0,785.0,79.0,0.347,0.447,0.273,0,162,817.0
BOS,AL,1998.0,729.0,92.0,0.348,0.4629999999999999,0.28,1,162,876.0
CHC,NL,1998.0,792.0,90.0,0.337,0.433,0.264,1,163,831.0
CHW,AL,1998.0,931.0,80.0,0.3389999999999999,0.444,0.271,0,163,861.0
CIN,NL,1998.0,760.0,77.0,0.337,0.402,0.262,0,162,750.0
CLE,AL,1998.0,779.0,89.0,0.347,0.4479999999999999,0.272,1,162,850.0
COL,NL,1998.0,855.0,77.0,0.347,0.461,0.291,0,162,826.0
DET,AL,1998.0,863.0,65.0,0.3229999999999999,0.415,0.264,0,162,722.0
FLA,NL,1998.0,923.0,54.0,0.317,0.373,0.248,0,162,667.0
HOU,NL,1998.0,620.0,102.0,0.356,0.436,0.28,1,162,874.0
KCR,AL,1998.0,899.0,72.0,0.324,0.3989999999999999,0.263,0,161,714.0
LAD,NL,1998.0,678.0,83.0,0.31,0.387,0.252,0,162,669.0
MIL,NL,1998.0,812.0,74.0,0.33,0.396,0.26,0,162,707.0
MIN,AL,1998.0,818.0,70.0,0.3279999999999999,0.389,0.266,0,162,734.0
MON,NL,1998.0,783.0,65.0,0.31,0.3939999999999999,0.249,0,162,644.0
NYM,NL,1998.0,645.0,88.0,0.33,0.3939999999999999,0.259,0,162,706.0
NYY,AL,1998.0,656.0,114.0,0.364,0.46,0.288,1,162,965.0
OAK,AL,1998.0,866.0,74.0,0.3379999999999999,0.397,0.257,0,162,804.0
PHI,NL,1998.0,808.0,75.0,0.326,0.395,0.264,0,162,713.0
PIT,NL,1998.0,718.0,69.0,0.311,0.374,0.254,0,163,650.0
SDP,NL,1998.0,635.0,98.0,0.33,0.409,0.253,1,162,749.0
SEA,AL,1998.0,855.0,76.0,0.345,0.4679999999999999,0.276,0,161,859.0
SFG,NL,1998.0,739.0,89.0,0.353,0.421,0.2739999999999999,0,163,845.0
STL,NL,1998.0,782.0,83.0,0.341,0.441,0.258,0,163,810.0
TBD,AL,1998.0,751.0,63.0,0.321,0.385,0.261,0,162,620.0
TEX,AL,1998.0,871.0,88.0,0.357,0.462,0.289,1,162,940.0
TOR,AL,1998.0,768.0,88.0,0.34,0.4479999999999999,0.266,0,163,816.0
ANA,AL,1997.0,794.0,84.0,0.346,0.416,0.272,0,162,829.0
ATL,NL,1997.0,581.0,101.0,0.3429999999999999,0.426,0.27,1,162,791.0
BAL,AL,1997.0,681.0,98.0,0.341,0.429,0.268,1,162,812.0
BOS,AL,1997.0,857.0,78.0,0.352,0.4629999999999999,0.291,0,162,851.0
CHC,NL,1997.0,759.0,68.0,0.321,0.396,0.263,0,162,687.0
CHW,AL,1997.0,833.0,80.0,0.341,0.417,0.273,0,161,779.0
CIN,NL,1997.0,764.0,76.0,0.321,0.389,0.253,0,162,651.0
CLE,AL,1997.0,815.0,86.0,0.358,0.467,0.286,1,161,868.0
COL,NL,1997.0,908.0,83.0,0.357,0.478,0.288,0,162,923.0
DET,AL,1997.0,790.0,79.0,0.332,0.415,0.258,0,162,784.0
FLA,NL,1997.0,669.0,92.0,0.346,0.395,0.259,1,162,740.0
HOU,NL,1997.0,660.0,84.0,0.344,0.4029999999999999,0.259,1,162,777.0
KCR,AL,1997.0,820.0,67.0,0.3329999999999999,0.407,0.264,0,161,747.0
LAD,NL,1997.0,645.0,88.0,0.33,0.418,0.268,0,162,742.0
MIL,AL,1997.0,742.0,78.0,0.325,0.3979999999999999,0.26,0,161,681.0
MIN,AL,1997.0,861.0,68.0,0.3329999999999999,0.409,0.27,0,162,772.0
MON,NL,1997.0,740.0,78.0,0.316,0.425,0.258,0,162,691.0
NYM,NL,1997.0,709.0,88.0,0.332,0.405,0.262,0,162,777.0
NYY,AL,1997.0,688.0,96.0,0.362,0.436,0.287,1,162,891.0
OAK,AL,1997.0,946.0,65.0,0.3389999999999999,0.423,0.26,0,162,764.0
PHI,NL,1997.0,840.0,68.0,0.322,0.385,0.255,0,162,668.0
PIT,NL,1997.0,760.0,79.0,0.3289999999999999,0.4039999999999999,0.262,0,162,725.0
SDP,NL,1997.0,891.0,76.0,0.342,0.407,0.271,0,162,795.0
SEA,AL,1997.0,833.0,90.0,0.355,0.485,0.28,1,162,925.0
SFG,NL,1997.0,793.0,90.0,0.337,0.414,0.258,1,162,784.0
STL,NL,1997.0,708.0,73.0,0.324,0.396,0.255,0,162,689.0
TEX,AL,1997.0,823.0,77.0,0.3339999999999999,0.4379999999999999,0.2739999999999999,0,162,807.0
TOR,AL,1997.0,694.0,76.0,0.31,0.389,0.244,0,162,654.0
ATL,NL,1996.0,648.0,96.0,0.3329999999999999,0.432,0.27,1,162,773.0
BAL,AL,1996.0,903.0,88.0,0.35,0.472,0.2739999999999999,1,163,949.0
BOS,AL,1996.0,921.0,85.0,0.359,0.457,0.283,0,162,928.0
CAL,AL,1996.0,943.0,70.0,0.3389999999999999,0.431,0.276,0,161,762.0
CHC,NL,1996.0,771.0,76.0,0.32,0.401,0.251,0,162,772.0
CHW,AL,1996.0,794.0,85.0,0.36,0.447,0.281,0,162,898.0
CIN,NL,1996.0,773.0,81.0,0.331,0.422,0.256,0,162,778.0
CLE,AL,1996.0,769.0,99.0,0.369,0.475,0.293,1,161,952.0
COL,NL,1996.0,964.0,83.0,0.355,0.472,0.287,0,162,961.0
DET,AL,1996.0,1103.0,53.0,0.3229999999999999,0.42,0.256,0,162,783.0
FLA,NL,1996.0,703.0,80.0,0.3289999999999999,0.3929999999999999,0.257,0,162,688.0
HOU,NL,1996.0,792.0,82.0,0.336,0.397,0.262,0,162,753.0
KCR,AL,1996.0,786.0,75.0,0.332,0.3979999999999999,0.267,0,161,746.0
LAD,NL,1996.0,652.0,90.0,0.316,0.384,0.252,1,162,703.0
MIL,AL,1996.0,899.0,80.0,0.353,0.441,0.2789999999999999,0,162,894.0
MIN,AL,1996.0,900.0,78.0,0.357,0.425,0.288,0,162,877.0
MON,NL,1996.0,668.0,88.0,0.327,0.406,0.262,0,162,741.0
NYM,NL,1996.0,779.0,71.0,0.324,0.412,0.27,0,162,746.0
NYY,AL,1996.0,787.0,92.0,0.36,0.436,0.288,1,162,871.0
OAK,AL,1996.0,900.0,78.0,0.344,0.452,0.265,0,162,861.0
PHI,NL,1996.0,790.0,67.0,0.325,0.387,0.256,0,162,650.0
PIT,NL,1996.0,833.0,73.0,0.3289999999999999,0.407,0.266,0,162,776.0
SDP,NL,1996.0,682.0,91.0,0.3379999999999999,0.402,0.265,1,162,771.0
SEA,AL,1996.0,895.0,85.0,0.366,0.484,0.287,0,161,993.0
SFG,NL,1996.0,862.0,68.0,0.331,0.3879999999999999,0.253,0,162,752.0
STL,NL,1996.0,706.0,88.0,0.33,0.407,0.267,1,162,759.0
TEX,AL,1996.0,799.0,90.0,0.358,0.469,0.284,1,163,928.0
TOR,AL,1996.0,809.0,74.0,0.331,0.42,0.259,0,162,766.0
ATL,NL,1993.0,559.0,104.0,0.331,0.408,0.262,1,162,767.0
BAL,AL,1993.0,745.0,85.0,0.346,0.413,0.267,0,162,786.0
BOS,AL,1993.0,698.0,80.0,0.33,0.395,0.264,0,162,686.0
CAL,AL,1993.0,770.0,71.0,0.331,0.38,0.26,0,162,684.0
CHC,NL,1993.0,739.0,84.0,0.325,0.414,0.27,0,163,738.0
CHW,AL,1993.0,664.0,94.0,0.3379999999999999,0.411,0.265,1,162,776.0
CIN,NL,1993.0,785.0,73.0,0.324,0.396,0.264,0,162,722.0
CLE,AL,1993.0,813.0,76.0,0.335,0.409,0.275,0,162,790.0
COL,NL,1993.0,967.0,67.0,0.3229999999999999,0.422,0.273,0,162,758.0
DET,AL,1993.0,837.0,85.0,0.362,0.434,0.275,0,162,899.0
FLA,NL,1993.0,724.0,64.0,0.314,0.346,0.248,0,162,581.0
HOU,NL,1993.0,630.0,85.0,0.33,0.409,0.267,0,162,716.0
KCR,AL,1993.0,694.0,84.0,0.32,0.397,0.263,0,162,675.0
LAD,NL,1993.0,662.0,81.0,0.321,0.3829999999999999,0.261,0,162,675.0
MIL,AL,1993.0,792.0,69.0,0.3279999999999999,0.3779999999999999,0.258,0,162,733.0
MIN,AL,1993.0,830.0,71.0,0.327,0.385,0.264,0,162,693.0
MON,NL,1993.0,682.0,94.0,0.326,0.386,0.257,0,163,732.0
NYM,NL,1993.0,744.0,59.0,0.305,0.39,0.248,0,162,672.0
NYY,AL,1993.0,761.0,88.0,0.353,0.435,0.2789999999999999,0,162,821.0
OAK,AL,1993.0,846.0,68.0,0.33,0.3939999999999999,0.254,0,162,715.0
PHI,NL,1993.0,740.0,97.0,0.351,0.426,0.2739999999999999,1,162,877.0
PIT,NL,1993.0,806.0,75.0,0.335,0.3929999999999999,0.267,0,162,707.0
SDP,NL,1993.0,772.0,61.0,0.312,0.389,0.252,0,162,679.0
SEA,AL,1993.0,731.0,82.0,0.3389999999999999,0.406,0.26,0,162,734.0
SFG,NL,1993.0,636.0,103.0,0.34,0.427,0.276,0,162,808.0
STL,NL,1993.0,744.0,87.0,0.341,0.395,0.272,0,162,758.0
TEX,AL,1993.0,751.0,86.0,0.3289999999999999,0.431,0.267,0,162,835.0
TOR,AL,1993.0,742.0,95.0,0.35,0.436,0.2789999999999999,1,162,847.0
ATL,NL,1992.0,569.0,98.0,0.316,0.3879999999999999,0.254,1,162,682.0
BAL,AL,1992.0,656.0,89.0,0.34,0.3979999999999999,0.259,0,162,705.0
BOS,AL,1992.0,669.0,73.0,0.321,0.347,0.246,0,162,599.0
CAL,AL,1992.0,671.0,72.0,0.301,0.3379999999999999,0.243,0,162,579.0
CHC,NL,1992.0,624.0,78.0,0.307,0.364,0.254,0,162,593.0
CHW,AL,1992.0,690.0,86.0,0.336,0.3829999999999999,0.261,0,162,738.0
CIN,NL,1992.0,609.0,90.0,0.3279999999999999,0.382,0.26,0,162,660.0
CLE,AL,1992.0,746.0,76.0,0.3229999999999999,0.3829999999999999,0.266,0,162,674.0
DET,AL,1992.0,794.0,75.0,0.337,0.407,0.256,0,162,791.0
HOU,NL,1992.0,668.0,81.0,0.313,0.359,0.246,0,162,608.0
KCR,AL,1992.0,667.0,72.0,0.315,0.364,0.256,0,162,610.0
LAD,NL,1992.0,636.0,63.0,0.313,0.3389999999999999,0.248,0,162,548.0
MIL,AL,1992.0,604.0,92.0,0.33,0.375,0.268,0,162,740.0
MIN,AL,1992.0,653.0,90.0,0.341,0.391,0.2769999999999999,0,162,747.0
MON,NL,1992.0,581.0,87.0,0.313,0.37,0.252,0,162,648.0
NYM,NL,1992.0,653.0,72.0,0.31,0.342,0.235,0,162,599.0
NYY,AL,1992.0,746.0,76.0,0.3279999999999999,0.406,0.261,0,162,733.0
OAK,AL,1992.0,672.0,96.0,0.346,0.386,0.258,1,162,745.0
PHI,NL,1992.0,717.0,70.0,0.32,0.377,0.253,0,162,686.0
PIT,NL,1992.0,595.0,96.0,0.324,0.381,0.255,1,162,693.0
SDP,NL,1992.0,636.0,82.0,0.313,0.386,0.255,0,162,617.0
SEA,AL,1992.0,799.0,64.0,0.3229999999999999,0.402,0.263,0,162,679.0
SFG,NL,1992.0,647.0,72.0,0.302,0.355,0.244,0,162,574.0
STL,NL,1992.0,604.0,83.0,0.3229999999999999,0.375,0.262,0,162,631.0
TEX,AL,1992.0,753.0,77.0,0.321,0.3929999999999999,0.25,0,162,682.0
TOR,AL,1992.0,682.0,96.0,0.3329999999999999,0.414,0.263,1,162,780.0
ATL,NL,1991.0,644.0,94.0,0.3279999999999999,0.3929999999999999,0.258,1,162,749.0
BAL,AL,1991.0,796.0,67.0,0.319,0.401,0.254,0,162,686.0
BOS,AL,1991.0,712.0,84.0,0.34,0.401,0.2689999999999999,0,162,731.0
CAL,AL,1991.0,649.0,81.0,0.314,0.374,0.255,0,162,653.0
CHC,NL,1991.0,734.0,77.0,0.309,0.39,0.253,0,160,695.0
CHW,AL,1991.0,681.0,87.0,0.336,0.391,0.262,0,162,758.0
CIN,NL,1991.0,691.0,74.0,0.32,0.4029999999999999,0.258,0,162,689.0
CLE,AL,1991.0,759.0,57.0,0.313,0.35,0.254,0,162,576.0
DET,AL,1991.0,794.0,84.0,0.3329999999999999,0.416,0.247,0,162,817.0
HOU,NL,1991.0,717.0,65.0,0.309,0.347,0.244,0,162,605.0
KCR,AL,1991.0,722.0,82.0,0.3279999999999999,0.3939999999999999,0.264,0,162,727.0
LAD,NL,1991.0,565.0,93.0,0.326,0.359,0.253,0,162,665.0
MIL,AL,1991.0,744.0,83.0,0.336,0.396,0.271,0,162,799.0
MIN,AL,1991.0,652.0,95.0,0.344,0.42,0.28,1,162,776.0
MON,NL,1991.0,655.0,71.0,0.308,0.357,0.246,0,161,579.0
NYM,NL,1991.0,646.0,77.0,0.317,0.365,0.244,0,161,640.0
NYY,AL,1991.0,777.0,71.0,0.316,0.387,0.256,0,162,674.0
OAK,AL,1991.0,776.0,84.0,0.331,0.389,0.248,0,162,760.0
PHI,NL,1991.0,680.0,78.0,0.303,0.358,0.241,0,162,629.0
PIT,NL,1991.0,632.0,98.0,0.3379999999999999,0.3979999999999999,0.263,1,162,768.0
SDP,NL,1991.0,646.0,84.0,0.31,0.362,0.244,0,162,636.0
SEA,AL,1991.0,674.0,83.0,0.3279999999999999,0.3829999999999999,0.255,0,162,702.0
SFG,NL,1991.0,697.0,75.0,0.309,0.381,0.246,0,162,649.0
STL,NL,1991.0,648.0,84.0,0.322,0.357,0.255,0,162,651.0
TEX,AL,1991.0,814.0,85.0,0.341,0.424,0.27,0,162,829.0
TOR,AL,1991.0,622.0,91.0,0.322,0.4,0.257,1,162,684.0
ATL,NL,1990.0,821.0,65.0,0.311,0.396,0.25,0,162,682.0
BAL,AL,1990.0,698.0,76.0,0.33,0.37,0.245,0,161,669.0
BOS,AL,1990.0,664.0,88.0,0.344,0.395,0.272,1,162,699.0
CAL,AL,1990.0,706.0,80.0,0.3289999999999999,0.391,0.26,0,162,690.0
CHC,NL,1990.0,774.0,77.0,0.314,0.392,0.263,0,162,690.0
CHW,AL,1990.0,633.0,94.0,0.32,0.379,0.258,0,162,682.0
CIN,NL,1990.0,597.0,91.0,0.325,0.3989999999999999,0.265,1,162,693.0
CLE,AL,1990.0,737.0,77.0,0.324,0.391,0.267,0,162,732.0
DET,AL,1990.0,754.0,79.0,0.337,0.409,0.259,0,162,750.0
HOU,NL,1990.0,656.0,75.0,0.313,0.345,0.242,0,162,573.0
KCR,AL,1990.0,709.0,75.0,0.3279999999999999,0.395,0.267,0,161,707.0
LAD,NL,1990.0,685.0,86.0,0.3279999999999999,0.382,0.262,0,162,728.0
MIL,AL,1990.0,760.0,74.0,0.32,0.384,0.256,0,162,732.0
MIN,AL,1990.0,729.0,74.0,0.324,0.385,0.265,0,162,666.0
MON,NL,1990.0,598.0,85.0,0.322,0.37,0.25,0,162,662.0
NYM,NL,1990.0,613.0,91.0,0.3229999999999999,0.408,0.256,0,162,775.0
NYY,AL,1990.0,749.0,67.0,0.3,0.366,0.241,0,162,603.0
OAK,AL,1990.0,570.0,103.0,0.336,0.391,0.254,1,162,733.0
PHI,NL,1990.0,729.0,77.0,0.327,0.363,0.255,0,162,646.0
PIT,NL,1990.0,619.0,95.0,0.33,0.405,0.259,1,162,733.0
SDP,NL,1990.0,673.0,75.0,0.32,0.38,0.257,0,162,673.0
SEA,AL,1990.0,680.0,77.0,0.3329999999999999,0.373,0.259,0,162,640.0
SFG,NL,1990.0,710.0,85.0,0.3229999999999999,0.396,0.262,0,162,719.0
STL,NL,1990.0,698.0,70.0,0.32,0.358,0.256,0,162,599.0
TEX,AL,1990.0,696.0,83.0,0.331,0.376,0.259,0,162,676.0
TOR,AL,1990.0,661.0,86.0,0.3279999999999999,0.419,0.265,0,162,767.0
ATL,NL,1989.0,680.0,63.0,0.298,0.35,0.2339999999999999,0,161,584.0
BAL,AL,1989.0,686.0,87.0,0.326,0.379,0.252,0,162,708.0
BOS,AL,1989.0,735.0,83.0,0.351,0.4029999999999999,0.2769999999999999,0,162,774.0
CAL,AL,1989.0,578.0,91.0,0.311,0.386,0.256,0,162,669.0
CHC,NL,1989.0,623.0,93.0,0.319,0.387,0.261,1,162,702.0
CHW,AL,1989.0,750.0,69.0,0.3279999999999999,0.3829999999999999,0.271,0,161,693.0
CIN,NL,1989.0,691.0,75.0,0.309,0.37,0.247,0,162,632.0
CLE,AL,1989.0,654.0,73.0,0.31,0.365,0.245,0,162,604.0
DET,AL,1989.0,816.0,59.0,0.318,0.351,0.242,0,162,617.0
HOU,NL,1989.0,669.0,86.0,0.306,0.345,0.239,0,162,647.0
KCR,AL,1989.0,635.0,92.0,0.3289999999999999,0.373,0.261,0,162,690.0
LAD,NL,1989.0,536.0,77.0,0.306,0.3389999999999999,0.24,0,160,554.0
MIL,AL,1989.0,679.0,81.0,0.318,0.382,0.259,0,162,707.0
MIN,AL,1989.0,738.0,80.0,0.3339999999999999,0.402,0.276,0,162,740.0
MON,NL,1989.0,630.0,81.0,0.319,0.361,0.247,0,162,632.0
NYM,NL,1989.0,595.0,87.0,0.311,0.385,0.246,0,162,683.0
NYY,AL,1989.0,792.0,74.0,0.331,0.391,0.2689999999999999,0,161,698.0
OAK,AL,1989.0,576.0,99.0,0.331,0.381,0.261,1,162,712.0
PHI,NL,1989.0,735.0,67.0,0.314,0.364,0.243,0,163,629.0
PIT,NL,1989.0,680.0,74.0,0.311,0.359,0.241,0,164,637.0
SDP,NL,1989.0,626.0,89.0,0.319,0.369,0.251,0,162,642.0
SEA,AL,1989.0,728.0,73.0,0.32,0.384,0.257,0,162,694.0
SFG,NL,1989.0,600.0,92.0,0.316,0.39,0.25,1,162,699.0
STL,NL,1989.0,608.0,86.0,0.321,0.363,0.258,0,164,632.0
TEX,AL,1989.0,714.0,83.0,0.326,0.3939999999999999,0.263,0,162,695.0
TOR,AL,1989.0,651.0,89.0,0.3229999999999999,0.3979999999999999,0.26,1,162,731.0
ATL,NL,1988.0,741.0,54.0,0.298,0.348,0.242,0,160,555.0
BAL,AL,1988.0,789.0,54.0,0.305,0.359,0.238,0,161,550.0
BOS,AL,1988.0,689.0,89.0,0.357,0.42,0.283,1,162,813.0
CAL,AL,1988.0,771.0,75.0,0.321,0.385,0.261,0,162,714.0
CHC,NL,1988.0,694.0,77.0,0.31,0.3829999999999999,0.261,0,163,660.0
CHW,AL,1988.0,757.0,71.0,0.303,0.37,0.244,0,161,631.0
CIN,NL,1988.0,596.0,87.0,0.309,0.368,0.246,0,161,641.0
CLE,AL,1988.0,731.0,78.0,0.314,0.387,0.261,0,162,666.0
DET,AL,1988.0,658.0,88.0,0.324,0.3779999999999999,0.25,0,162,703.0
HOU,NL,1988.0,631.0,82.0,0.306,0.351,0.244,0,162,617.0
KCR,AL,1988.0,648.0,84.0,0.321,0.391,0.259,0,161,704.0
LAD,NL,1988.0,544.0,94.0,0.305,0.352,0.248,1,162,628.0
MIL,AL,1988.0,616.0,87.0,0.314,0.375,0.257,0,162,682.0
MIN,AL,1988.0,672.0,91.0,0.34,0.421,0.2739999999999999,0,162,759.0
MON,NL,1988.0,592.0,81.0,0.309,0.373,0.251,0,163,628.0
NYM,NL,1988.0,532.0,100.0,0.325,0.396,0.256,1,160,703.0
NYY,AL,1988.0,748.0,85.0,0.3329999999999999,0.395,0.263,0,161,772.0
OAK,AL,1988.0,620.0,104.0,0.336,0.3989999999999999,0.263,1,162,800.0
PHI,NL,1988.0,734.0,65.0,0.306,0.355,0.239,0,162,597.0
PIT,NL,1988.0,616.0,85.0,0.317,0.369,0.247,0,160,651.0
SDP,NL,1988.0,583.0,83.0,0.31,0.351,0.247,0,161,594.0
SEA,AL,1988.0,744.0,68.0,0.317,0.3979999999999999,0.257,0,161,664.0
SFG,NL,1988.0,626.0,83.0,0.318,0.368,0.248,0,162,670.0
STL,NL,1988.0,633.0,76.0,0.309,0.337,0.249,0,162,578.0
TEX,AL,1988.0,735.0,70.0,0.32,0.368,0.252,0,161,637.0
TOR,AL,1988.0,680.0,87.0,0.332,0.419,0.268,0,162,763.0
ATL,NL,1987.0,829.0,69.0,0.3389999999999999,0.4029999999999999,0.258,0,161,747.0
BAL,AL,1987.0,880.0,67.0,0.322,0.418,0.258,0,162,729.0
BOS,AL,1987.0,825.0,78.0,0.352,0.43,0.278,0,162,842.0
CAL,AL,1987.0,803.0,75.0,0.326,0.401,0.252,0,162,770.0
CHC,NL,1987.0,801.0,76.0,0.326,0.432,0.264,0,161,720.0
CHW,AL,1987.0,746.0,77.0,0.319,0.415,0.258,0,162,748.0
CIN,NL,1987.0,752.0,84.0,0.33,0.427,0.266,0,162,783.0
CLE,AL,1987.0,957.0,61.0,0.324,0.422,0.263,0,162,742.0
DET,AL,1987.0,735.0,98.0,0.349,0.451,0.272,1,162,896.0
HOU,NL,1987.0,678.0,76.0,0.318,0.373,0.253,0,162,648.0
KCR,AL,1987.0,691.0,83.0,0.3279999999999999,0.412,0.262,0,162,715.0
LAD,NL,1987.0,675.0,73.0,0.309,0.371,0.252,0,162,635.0
MIL,AL,1987.0,817.0,91.0,0.346,0.428,0.276,0,162,862.0
MIN,AL,1987.0,806.0,85.0,0.3279999999999999,0.43,0.261,1,162,786.0
MON,NL,1987.0,720.0,91.0,0.3279999999999999,0.401,0.265,0,162,741.0
NYM,NL,1987.0,698.0,92.0,0.3389999999999999,0.434,0.268,0,162,823.0
NYY,AL,1987.0,758.0,89.0,0.336,0.418,0.262,0,162,788.0
OAK,AL,1987.0,789.0,81.0,0.3329999999999999,0.428,0.26,0,162,806.0
PHI,NL,1987.0,749.0,80.0,0.327,0.41,0.254,0,162,702.0
PIT,NL,1987.0,744.0,80.0,0.33,0.4029999999999999,0.264,0,162,723.0
SDP,NL,1987.0,763.0,65.0,0.332,0.3779999999999999,0.26,0,162,668.0
SEA,AL,1987.0,801.0,78.0,0.335,0.428,0.272,0,162,760.0
SFG,NL,1987.0,669.0,90.0,0.324,0.43,0.26,1,162,783.0
STL,NL,1987.0,693.0,95.0,0.34,0.3779999999999999,0.263,1,162,798.0
TEX,AL,1987.0,849.0,75.0,0.3329999999999999,0.43,0.266,0,162,823.0
TOR,AL,1987.0,655.0,96.0,0.336,0.446,0.2689999999999999,0,162,845.0
ATL,NL,1986.0,719.0,72.0,0.319,0.381,0.25,0,161,615.0
BAL,AL,1986.0,760.0,73.0,0.327,0.395,0.258,0,162,708.0
BOS,AL,1986.0,696.0,95.0,0.346,0.415,0.271,1,161,794.0
CAL,AL,1986.0,684.0,92.0,0.3379999999999999,0.4039999999999999,0.255,1,162,786.0
CHC,NL,1986.0,781.0,70.0,0.318,0.3979999999999999,0.256,0,160,680.0
CHW,AL,1986.0,699.0,72.0,0.31,0.363,0.247,0,162,644.0
CIN,NL,1986.0,717.0,86.0,0.325,0.387,0.254,0,162,732.0
CLE,AL,1986.0,841.0,84.0,0.337,0.43,0.284,0,163,831.0
DET,AL,1986.0,714.0,87.0,0.3379999999999999,0.424,0.263,0,162,798.0
HOU,NL,1986.0,569.0,96.0,0.322,0.381,0.255,1,162,654.0
KCR,AL,1986.0,673.0,76.0,0.313,0.39,0.252,0,162,654.0
LAD,NL,1986.0,679.0,73.0,0.313,0.37,0.251,0,162,638.0
MIL,AL,1986.0,734.0,77.0,0.321,0.385,0.255,0,161,667.0
MIN,AL,1986.0,839.0,71.0,0.325,0.428,0.261,0,162,741.0
MON,NL,1986.0,688.0,78.0,0.322,0.379,0.254,0,161,637.0
NYM,NL,1986.0,578.0,108.0,0.3389999999999999,0.401,0.263,1,162,783.0
NYY,AL,1986.0,738.0,90.0,0.347,0.43,0.271,0,162,797.0
OAK,AL,1986.0,760.0,76.0,0.322,0.39,0.252,0,162,731.0
PHI,NL,1986.0,713.0,86.0,0.327,0.4,0.253,0,161,739.0
PIT,NL,1986.0,700.0,64.0,0.321,0.374,0.25,0,162,663.0
SDP,NL,1986.0,723.0,74.0,0.321,0.3879999999999999,0.261,0,162,656.0
SEA,AL,1986.0,835.0,67.0,0.326,0.3989999999999999,0.253,0,162,718.0
SFG,NL,1986.0,618.0,83.0,0.322,0.375,0.253,0,162,698.0
STL,NL,1986.0,611.0,79.0,0.309,0.327,0.236,0,161,601.0
TEX,AL,1986.0,743.0,87.0,0.331,0.428,0.267,0,162,771.0
TOR,AL,1986.0,733.0,86.0,0.3289999999999999,0.427,0.2689999999999999,0,163,809.0
ATL,NL,1985.0,781.0,66.0,0.315,0.363,0.246,0,162,632.0
BAL,AL,1985.0,764.0,83.0,0.336,0.43,0.263,0,161,818.0
BOS,AL,1985.0,720.0,81.0,0.347,0.429,0.282,0,163,800.0
CAL,AL,1985.0,703.0,90.0,0.3329999999999999,0.386,0.251,0,162,732.0
CHC,NL,1985.0,729.0,77.0,0.324,0.39,0.254,0,162,686.0
CHW,AL,1985.0,720.0,85.0,0.315,0.392,0.253,0,163,736.0
CIN,NL,1985.0,666.0,89.0,0.327,0.376,0.255,0,162,677.0
CLE,AL,1985.0,861.0,60.0,0.324,0.385,0.265,0,162,729.0
DET,AL,1985.0,688.0,84.0,0.318,0.424,0.253,0,161,729.0
HOU,NL,1985.0,691.0,83.0,0.319,0.3879999999999999,0.261,0,162,706.0
KCR,AL,1985.0,639.0,91.0,0.313,0.401,0.252,1,162,687.0
LAD,NL,1985.0,579.0,95.0,0.3279999999999999,0.382,0.261,1,162,682.0
MIL,AL,1985.0,802.0,71.0,0.319,0.379,0.263,0,161,690.0
MIN,AL,1985.0,782.0,77.0,0.326,0.407,0.264,0,162,705.0
MON,NL,1985.0,636.0,84.0,0.31,0.375,0.247,0,161,633.0
NYM,NL,1985.0,568.0,98.0,0.3229999999999999,0.385,0.257,0,162,695.0
NYY,AL,1985.0,660.0,97.0,0.344,0.425,0.267,0,161,839.0
OAK,AL,1985.0,787.0,77.0,0.325,0.401,0.264,0,162,757.0
PHI,NL,1985.0,673.0,75.0,0.312,0.3829999999999999,0.245,0,162,667.0
PIT,NL,1985.0,708.0,57.0,0.311,0.347,0.247,0,161,568.0
SDP,NL,1985.0,622.0,83.0,0.32,0.368,0.255,0,162,650.0
SEA,AL,1985.0,818.0,74.0,0.326,0.412,0.255,0,162,719.0
SFG,NL,1985.0,674.0,62.0,0.299,0.348,0.233,0,162,556.0
STL,NL,1985.0,572.0,101.0,0.335,0.379,0.264,1,162,747.0
TEX,AL,1985.0,785.0,62.0,0.322,0.381,0.253,0,161,617.0
TOR,AL,1985.0,588.0,99.0,0.331,0.425,0.2689999999999999,1,161,759.0
ATL,NL,1984.0,655.0,80.0,0.317,0.361,0.247,0,162,632.0
BAL,AL,1984.0,667.0,85.0,0.3279999999999999,0.391,0.252,0,162,681.0
BOS,AL,1984.0,764.0,86.0,0.341,0.441,0.283,0,162,810.0
CAL,AL,1984.0,697.0,81.0,0.319,0.381,0.249,0,162,696.0
CHC,NL,1984.0,658.0,96.0,0.331,0.397,0.26,1,161,762.0
CHW,AL,1984.0,736.0,74.0,0.314,0.395,0.247,0,162,679.0
CIN,NL,1984.0,747.0,70.0,0.313,0.356,0.244,0,162,627.0
CLE,AL,1984.0,766.0,75.0,0.335,0.384,0.265,0,163,761.0
DET,AL,1984.0,643.0,104.0,0.342,0.432,0.271,1,162,829.0
HOU,NL,1984.0,630.0,80.0,0.3229999999999999,0.371,0.264,0,162,693.0
KCR,AL,1984.0,686.0,84.0,0.317,0.3989999999999999,0.268,1,162,673.0
LAD,NL,1984.0,600.0,79.0,0.306,0.348,0.244,0,162,580.0
MIL,AL,1984.0,734.0,67.0,0.317,0.37,0.262,0,161,641.0
MIN,AL,1984.0,675.0,81.0,0.318,0.385,0.265,0,162,673.0
MON,NL,1984.0,585.0,78.0,0.312,0.362,0.251,0,161,593.0
NYM,NL,1984.0,676.0,90.0,0.32,0.369,0.257,0,162,652.0
NYY,AL,1984.0,679.0,87.0,0.3389999999999999,0.4039999999999999,0.276,0,162,758.0
OAK,AL,1984.0,796.0,77.0,0.327,0.4039999999999999,0.259,0,162,738.0
PHI,NL,1984.0,690.0,81.0,0.3329999999999999,0.407,0.266,0,162,720.0
PIT,NL,1984.0,567.0,75.0,0.31,0.363,0.255,0,162,615.0
SDP,NL,1984.0,634.0,92.0,0.317,0.371,0.259,1,162,686.0
SEA,AL,1984.0,774.0,74.0,0.324,0.384,0.258,0,162,682.0
SFG,NL,1984.0,807.0,66.0,0.3279999999999999,0.375,0.265,0,162,682.0
STL,NL,1984.0,645.0,84.0,0.317,0.351,0.252,0,162,652.0
TEX,AL,1984.0,714.0,69.0,0.313,0.377,0.261,0,161,656.0
TOR,AL,1984.0,696.0,89.0,0.331,0.421,0.273,0,163,750.0
ATL,NL,1983.0,640.0,88.0,0.341,0.4,0.272,0,162,746.0
BAL,AL,1983.0,652.0,98.0,0.34,0.421,0.2689999999999999,1,162,799.0
BOS,AL,1983.0,775.0,78.0,0.335,0.409,0.27,0,162,724.0
CAL,AL,1983.0,779.0,70.0,0.322,0.3929999999999999,0.26,0,162,722.0
CHC,NL,1983.0,719.0,71.0,0.319,0.401,0.261,0,162,701.0
CHW,AL,1983.0,650.0,99.0,0.3289999999999999,0.413,0.262,1,162,800.0
CIN,NL,1983.0,710.0,74.0,0.314,0.356,0.239,0,162,623.0
CLE,AL,1983.0,785.0,70.0,0.3379999999999999,0.369,0.265,0,162,704.0
DET,AL,1983.0,679.0,92.0,0.335,0.427,0.2739999999999999,0,162,789.0
HOU,NL,1983.0,646.0,85.0,0.32,0.375,0.257,0,162,643.0
KCR,AL,1983.0,767.0,79.0,0.32,0.397,0.271,0,163,696.0
LAD,NL,1983.0,609.0,91.0,0.318,0.379,0.25,1,163,654.0
MIL,AL,1983.0,708.0,87.0,0.3329999999999999,0.418,0.2769999999999999,0,162,764.0
MIN,AL,1983.0,822.0,70.0,0.319,0.401,0.261,0,162,709.0
MON,NL,1983.0,646.0,82.0,0.326,0.386,0.264,0,163,677.0
NYM,NL,1983.0,680.0,68.0,0.3,0.344,0.241,0,162,575.0
NYY,AL,1983.0,703.0,91.0,0.337,0.416,0.273,0,162,770.0
OAK,AL,1983.0,782.0,74.0,0.326,0.381,0.262,0,162,708.0
PHI,NL,1983.0,635.0,90.0,0.3289999999999999,0.373,0.249,1,163,696.0
PIT,NL,1983.0,648.0,84.0,0.325,0.3829999999999999,0.264,0,162,659.0
SDP,NL,1983.0,653.0,81.0,0.311,0.351,0.25,0,163,653.0
SEA,AL,1983.0,740.0,60.0,0.301,0.36,0.24,0,162,558.0
SFG,NL,1983.0,697.0,79.0,0.325,0.375,0.247,0,162,687.0
STL,NL,1983.0,710.0,79.0,0.335,0.384,0.27,0,162,679.0
TEX,AL,1983.0,609.0,77.0,0.31,0.366,0.255,0,163,639.0
TOR,AL,1983.0,726.0,89.0,0.3379999999999999,0.436,0.2769999999999999,0,162,795.0
ATL,NL,1982.0,702.0,89.0,0.325,0.3829999999999999,0.256,1,162,739.0
BAL,AL,1982.0,687.0,94.0,0.341,0.419,0.266,0,163,774.0
BOS,AL,1982.0,713.0,89.0,0.34,0.407,0.2739999999999999,0,162,753.0
CAL,AL,1982.0,670.0,93.0,0.347,0.433,0.2739999999999999,1,162,814.0
CHC,NL,1982.0,709.0,73.0,0.317,0.375,0.26,0,162,676.0
CHW,AL,1982.0,710.0,87.0,0.337,0.413,0.273,0,162,786.0
CIN,NL,1982.0,661.0,61.0,0.31,0.35,0.251,0,162,545.0
CLE,AL,1982.0,748.0,78.0,0.341,0.373,0.262,0,162,683.0
DET,AL,1982.0,685.0,83.0,0.324,0.418,0.266,0,162,729.0
HOU,NL,1982.0,620.0,77.0,0.302,0.349,0.247,0,162,569.0
KCR,AL,1982.0,717.0,90.0,0.337,0.428,0.285,0,162,784.0
LAD,NL,1982.0,612.0,88.0,0.327,0.3879999999999999,0.264,0,162,691.0
MIL,AL,1982.0,717.0,95.0,0.335,0.455,0.2789999999999999,1,163,891.0
MIN,AL,1982.0,819.0,60.0,0.316,0.396,0.257,0,162,657.0
MON,NL,1982.0,616.0,86.0,0.325,0.396,0.262,0,162,697.0
NYM,NL,1982.0,723.0,65.0,0.305,0.35,0.247,0,162,609.0
NYY,AL,1982.0,716.0,79.0,0.3279999999999999,0.3979999999999999,0.256,0,162,709.0
OAK,AL,1982.0,819.0,68.0,0.309,0.367,0.236,0,162,691.0
PHI,NL,1982.0,654.0,89.0,0.3229999999999999,0.376,0.26,0,162,664.0
PIT,NL,1982.0,696.0,84.0,0.327,0.408,0.273,0,162,724.0
SDP,NL,1982.0,658.0,81.0,0.311,0.359,0.257,0,162,675.0
SEA,AL,1982.0,712.0,76.0,0.311,0.381,0.254,0,162,651.0
SFG,NL,1982.0,687.0,87.0,0.327,0.376,0.253,0,162,673.0
STL,NL,1982.0,609.0,92.0,0.3339999999999999,0.364,0.264,1,162,685.0
TEX,AL,1982.0,749.0,64.0,0.308,0.359,0.249,0,162,590.0
TOR,AL,1982.0,701.0,78.0,0.314,0.3829999999999999,0.262,0,162,651.0
ATL,NL,1980.0,660.0,81.0,0.307,0.38,0.25,0,161,630.0
BAL,AL,1980.0,640.0,100.0,0.342,0.413,0.273,0,162,805.0
BOS,AL,1980.0,767.0,83.0,0.34,0.436,0.283,0,160,757.0
CAL,AL,1980.0,797.0,65.0,0.332,0.3779999999999999,0.265,0,160,698.0
CHC,NL,1980.0,728.0,64.0,0.309,0.365,0.251,0,162,614.0
CHW,AL,1980.0,722.0,70.0,0.311,0.37,0.259,0,162,587.0
CIN,NL,1980.0,670.0,89.0,0.327,0.386,0.262,0,163,707.0
CLE,AL,1980.0,807.0,79.0,0.35,0.381,0.2769999999999999,0,160,738.0
DET,AL,1980.0,757.0,84.0,0.348,0.409,0.273,0,163,830.0
HOU,NL,1980.0,589.0,93.0,0.326,0.367,0.261,1,163,637.0
KCR,AL,1980.0,694.0,97.0,0.345,0.413,0.286,1,162,809.0
LAD,NL,1980.0,591.0,92.0,0.3229999999999999,0.3879999999999999,0.263,0,163,663.0
MIL,AL,1980.0,682.0,86.0,0.3289999999999999,0.4479999999999999,0.275,0,162,811.0
MIN,AL,1980.0,724.0,77.0,0.319,0.381,0.265,0,161,670.0
MON,NL,1980.0,629.0,90.0,0.324,0.3879999999999999,0.257,0,162,694.0
NYM,NL,1980.0,702.0,67.0,0.319,0.345,0.257,0,162,611.0
NYY,AL,1980.0,662.0,103.0,0.3429999999999999,0.425,0.267,1,162,820.0
OAK,AL,1980.0,642.0,83.0,0.322,0.385,0.259,0,162,686.0
PHI,NL,1980.0,639.0,91.0,0.327,0.4,0.27,1,162,728.0
PIT,NL,1980.0,646.0,83.0,0.322,0.3879999999999999,0.266,0,162,666.0
SDP,NL,1980.0,654.0,73.0,0.324,0.342,0.255,0,163,591.0
SEA,AL,1980.0,793.0,59.0,0.308,0.356,0.248,0,163,610.0
SFG,NL,1980.0,634.0,75.0,0.308,0.342,0.244,0,161,573.0
STL,NL,1980.0,710.0,74.0,0.3279999999999999,0.4,0.275,0,162,738.0
TEX,AL,1980.0,752.0,76.0,0.3389999999999999,0.405,0.284,0,163,756.0
TOR,AL,1980.0,762.0,67.0,0.309,0.3829999999999999,0.251,0,162,624.0
ATL,NL,1979.0,763.0,66.0,0.318,0.377,0.256,0,160,669.0
BAL,AL,1979.0,582.0,102.0,0.336,0.419,0.261,1,159,757.0
BOS,AL,1979.0,711.0,91.0,0.344,0.456,0.283,0,160,841.0
CAL,AL,1979.0,768.0,88.0,0.351,0.429,0.282,1,162,866.0
CHC,NL,1979.0,707.0,80.0,0.3289999999999999,0.4029999999999999,0.2689999999999999,0,162,706.0
CHW,AL,1979.0,748.0,73.0,0.3329999999999999,0.41,0.275,0,160,730.0
CIN,NL,1979.0,644.0,90.0,0.3379999999999999,0.396,0.264,1,161,731.0
CLE,AL,1979.0,805.0,81.0,0.34,0.384,0.258,0,161,760.0
DET,AL,1979.0,738.0,84.0,0.3389999999999999,0.415,0.2689999999999999,0,161,770.0
HOU,NL,1979.0,582.0,89.0,0.315,0.344,0.256,0,162,583.0
KCR,AL,1979.0,816.0,85.0,0.3429999999999999,0.422,0.282,0,162,851.0
LAD,NL,1979.0,717.0,79.0,0.331,0.412,0.263,0,162,739.0
MIL,AL,1979.0,722.0,95.0,0.345,0.4479999999999999,0.28,0,161,807.0
MIN,AL,1979.0,725.0,82.0,0.341,0.402,0.278,0,162,764.0
MON,NL,1979.0,581.0,95.0,0.319,0.408,0.264,0,160,701.0
NYM,NL,1979.0,706.0,63.0,0.313,0.35,0.25,0,163,593.0
NYY,AL,1979.0,672.0,89.0,0.3279999999999999,0.406,0.266,0,160,734.0
OAK,AL,1979.0,860.0,54.0,0.302,0.346,0.239,0,162,573.0
PHI,NL,1979.0,718.0,84.0,0.34,0.396,0.266,0,163,683.0
PIT,NL,1979.0,643.0,98.0,0.33,0.416,0.272,1,163,775.0
SDP,NL,1979.0,681.0,68.0,0.311,0.348,0.242,0,161,603.0
SEA,AL,1979.0,820.0,67.0,0.331,0.4039999999999999,0.2689999999999999,0,162,711.0
SFG,NL,1979.0,751.0,71.0,0.319,0.365,0.246,0,162,672.0
STL,NL,1979.0,693.0,86.0,0.331,0.401,0.278,0,163,731.0
TEX,AL,1979.0,698.0,83.0,0.3339999999999999,0.409,0.278,0,162,750.0
TOR,AL,1979.0,862.0,53.0,0.311,0.363,0.251,0,162,613.0
ATL,NL,1978.0,750.0,69.0,0.315,0.363,0.244,0,162,600.0
BAL,AL,1978.0,633.0,90.0,0.326,0.396,0.258,0,161,659.0
BOS,AL,1978.0,657.0,99.0,0.336,0.424,0.267,0,163,796.0
CAL,AL,1978.0,666.0,87.0,0.33,0.37,0.259,0,162,691.0
CHC,NL,1978.0,724.0,79.0,0.331,0.361,0.264,0,162,664.0
CHW,AL,1978.0,731.0,71.0,0.317,0.379,0.264,0,161,634.0
CIN,NL,1978.0,688.0,92.0,0.3339999999999999,0.3929999999999999,0.256,0,161,710.0
CLE,AL,1978.0,694.0,69.0,0.3229999999999999,0.379,0.261,0,159,639.0
DET,AL,1978.0,653.0,86.0,0.3389999999999999,0.392,0.271,0,162,714.0
HOU,NL,1978.0,634.0,74.0,0.313,0.355,0.258,0,162,605.0
KCR,AL,1978.0,634.0,92.0,0.3289999999999999,0.3989999999999999,0.268,1,162,743.0
LAD,NL,1978.0,573.0,95.0,0.3379999999999999,0.402,0.264,1,162,727.0
MIL,AL,1978.0,650.0,93.0,0.3389999999999999,0.432,0.276,0,162,804.0
MIN,AL,1978.0,678.0,73.0,0.3389999999999999,0.375,0.267,0,162,666.0
MON,NL,1978.0,611.0,76.0,0.306,0.379,0.254,0,162,633.0
NYM,NL,1978.0,690.0,66.0,0.314,0.352,0.245,0,162,607.0
NYY,AL,1978.0,582.0,100.0,0.3289999999999999,0.3879999999999999,0.267,1,163,735.0
OAK,AL,1978.0,690.0,69.0,0.303,0.351,0.245,0,162,532.0
PHI,NL,1978.0,586.0,90.0,0.3279999999999999,0.3879999999999999,0.258,1,162,708.0
PIT,NL,1978.0,637.0,88.0,0.32,0.385,0.257,0,161,684.0
SDP,NL,1978.0,598.0,84.0,0.321,0.348,0.252,0,162,591.0
SEA,AL,1978.0,834.0,56.0,0.314,0.359,0.248,0,160,614.0
SFG,NL,1978.0,594.0,89.0,0.318,0.374,0.248,0,162,613.0
STL,NL,1978.0,657.0,69.0,0.303,0.358,0.249,0,162,600.0
TEX,AL,1978.0,632.0,87.0,0.332,0.381,0.253,0,162,692.0
TOR,AL,1978.0,775.0,59.0,0.308,0.359,0.25,0,161,590.0
ATL,NL,1977.0,895.0,61.0,0.32,0.376,0.254,0,162,678.0
BAL,AL,1977.0,653.0,97.0,0.3289999999999999,0.3929999999999999,0.261,0,161,719.0
BOS,AL,1977.0,712.0,97.0,0.345,0.465,0.281,0,161,859.0
CAL,AL,1977.0,695.0,74.0,0.324,0.386,0.255,0,162,675.0
CHC,NL,1977.0,739.0,81.0,0.33,0.387,0.266,0,162,692.0
CHW,AL,1977.0,771.0,90.0,0.344,0.444,0.278,0,162,844.0
CIN,NL,1977.0,725.0,88.0,0.345,0.436,0.2739999999999999,0,162,802.0
CLE,AL,1977.0,739.0,71.0,0.3339999999999999,0.38,0.2689999999999999,0,161,676.0
DET,AL,1977.0,751.0,74.0,0.318,0.41,0.264,0,162,714.0
HOU,NL,1977.0,650.0,81.0,0.32,0.385,0.254,0,162,680.0
KCR,AL,1977.0,651.0,102.0,0.34,0.436,0.2769999999999999,1,162,822.0
LAD,NL,1977.0,582.0,98.0,0.336,0.418,0.266,1,162,769.0
MIL,AL,1977.0,765.0,67.0,0.314,0.389,0.258,0,162,639.0
MIN,AL,1977.0,776.0,84.0,0.348,0.417,0.282,0,161,867.0
MON,NL,1977.0,736.0,75.0,0.318,0.402,0.26,0,162,665.0
NYM,NL,1977.0,663.0,64.0,0.313,0.346,0.244,0,162,587.0
NYY,AL,1977.0,651.0,100.0,0.344,0.444,0.281,1,162,831.0
OAK,AL,1977.0,749.0,63.0,0.308,0.352,0.24,0,161,605.0
PHI,NL,1977.0,668.0,101.0,0.346,0.4479999999999999,0.2789999999999999,1,162,847.0
PIT,NL,1977.0,665.0,96.0,0.331,0.413,0.2739999999999999,0,162,734.0
SDP,NL,1977.0,834.0,69.0,0.324,0.375,0.249,0,162,692.0
SEA,AL,1977.0,855.0,64.0,0.312,0.381,0.256,0,162,624.0
SFG,NL,1977.0,711.0,75.0,0.3229999999999999,0.3829999999999999,0.253,0,162,673.0
STL,NL,1977.0,688.0,83.0,0.33,0.3879999999999999,0.27,0,162,737.0
TEX,AL,1977.0,657.0,94.0,0.342,0.405,0.27,0,162,767.0
TOR,AL,1977.0,822.0,54.0,0.316,0.365,0.252,0,161,605.0
ATL,NL,1976.0,700.0,70.0,0.32,0.3339999999999999,0.245,0,162,620.0
BAL,AL,1976.0,598.0,88.0,0.31,0.358,0.243,0,162,619.0
BOS,AL,1976.0,660.0,83.0,0.324,0.402,0.263,0,162,716.0
CAL,AL,1976.0,631.0,76.0,0.306,0.318,0.235,0,162,550.0
CHC,NL,1976.0,728.0,75.0,0.313,0.356,0.251,0,162,611.0
CHW,AL,1976.0,745.0,64.0,0.314,0.349,0.255,0,161,586.0
CIN,NL,1976.0,633.0,102.0,0.357,0.424,0.28,1,162,857.0
CLE,AL,1976.0,615.0,81.0,0.321,0.359,0.263,0,159,615.0
DET,AL,1976.0,709.0,74.0,0.315,0.365,0.257,0,161,609.0
HOU,NL,1976.0,657.0,80.0,0.322,0.347,0.256,0,162,625.0
KCR,AL,1976.0,611.0,90.0,0.327,0.371,0.2689999999999999,1,162,713.0
LAD,NL,1976.0,543.0,92.0,0.313,0.349,0.251,0,162,608.0
MIL,AL,1976.0,655.0,66.0,0.311,0.34,0.246,0,161,570.0
MIN,AL,1976.0,704.0,85.0,0.341,0.375,0.2739999999999999,0,162,743.0
MON,NL,1976.0,734.0,55.0,0.291,0.34,0.235,0,162,531.0
NYM,NL,1976.0,538.0,86.0,0.319,0.352,0.246,0,162,615.0
NYY,AL,1976.0,575.0,97.0,0.3279999999999999,0.389,0.2689999999999999,1,159,730.0
OAK,AL,1976.0,598.0,87.0,0.3229999999999999,0.361,0.246,0,161,686.0
PHI,NL,1976.0,557.0,101.0,0.3379999999999999,0.395,0.272,1,162,770.0
PIT,NL,1976.0,630.0,92.0,0.321,0.391,0.267,0,162,708.0
SDP,NL,1976.0,662.0,73.0,0.31,0.337,0.247,0,162,570.0
SFG,NL,1976.0,686.0,74.0,0.312,0.345,0.246,0,162,595.0
STL,NL,1976.0,671.0,72.0,0.3229999999999999,0.359,0.26,0,162,629.0
TEX,AL,1976.0,652.0,76.0,0.321,0.341,0.25,0,162,616.0
ATL,NL,1975.0,739.0,67.0,0.313,0.346,0.244,0,161,583.0
BAL,AL,1975.0,553.0,90.0,0.326,0.373,0.252,0,159,682.0
BOS,AL,1975.0,709.0,95.0,0.344,0.417,0.275,1,160,796.0
CAL,AL,1975.0,723.0,72.0,0.322,0.3279999999999999,0.246,0,161,628.0
CHC,NL,1975.0,827.0,75.0,0.3379999999999999,0.368,0.259,0,162,712.0
CHW,AL,1975.0,703.0,75.0,0.331,0.358,0.255,0,161,655.0
CIN,NL,1975.0,586.0,108.0,0.353,0.401,0.271,1,162,840.0
CLE,AL,1975.0,703.0,79.0,0.327,0.392,0.261,0,159,688.0
DET,AL,1975.0,786.0,57.0,0.301,0.366,0.249,0,159,570.0
HOU,NL,1975.0,711.0,64.0,0.32,0.359,0.254,0,162,664.0
KCR,AL,1975.0,649.0,91.0,0.3329999999999999,0.3939999999999999,0.261,0,162,710.0
LAD,NL,1975.0,534.0,88.0,0.325,0.365,0.248,0,162,648.0
MIL,AL,1975.0,792.0,68.0,0.32,0.389,0.25,0,162,675.0
MIN,AL,1975.0,736.0,76.0,0.341,0.386,0.271,0,159,724.0
MON,NL,1975.0,690.0,75.0,0.317,0.348,0.244,0,162,601.0
NYM,NL,1975.0,625.0,82.0,0.319,0.361,0.256,0,162,646.0
NYY,AL,1975.0,588.0,83.0,0.325,0.382,0.264,0,160,681.0
OAK,AL,1975.0,606.0,98.0,0.3329999999999999,0.391,0.254,1,162,758.0
PHI,NL,1975.0,694.0,86.0,0.342,0.402,0.2689999999999999,0,162,735.0
PIT,NL,1975.0,565.0,92.0,0.3229999999999999,0.402,0.263,1,161,712.0
SDP,NL,1975.0,683.0,71.0,0.31,0.335,0.244,0,162,552.0
SFG,NL,1975.0,671.0,80.0,0.3329999999999999,0.365,0.259,0,161,659.0
STL,NL,1975.0,689.0,82.0,0.327,0.375,0.273,0,163,662.0
TEX,AL,1975.0,733.0,79.0,0.33,0.371,0.256,0,162,714.0
ATL,NL,1974.0,563.0,88.0,0.319,0.363,0.249,0,163,661.0
BAL,AL,1974.0,612.0,91.0,0.322,0.37,0.256,1,162,659.0
BOS,AL,1974.0,661.0,84.0,0.3329999999999999,0.377,0.264,0,162,696.0
CAL,AL,1974.0,657.0,68.0,0.321,0.356,0.254,0,163,618.0
CHC,NL,1974.0,826.0,66.0,0.327,0.365,0.251,0,162,669.0
CHW,AL,1974.0,721.0,80.0,0.33,0.389,0.268,0,163,684.0
CIN,NL,1974.0,631.0,98.0,0.3429999999999999,0.3939999999999999,0.26,0,163,776.0
CLE,AL,1974.0,694.0,77.0,0.311,0.37,0.255,0,162,662.0
DET,AL,1974.0,768.0,72.0,0.303,0.366,0.247,0,162,620.0
HOU,NL,1974.0,632.0,81.0,0.322,0.3779999999999999,0.263,0,162,653.0
KCR,AL,1974.0,662.0,77.0,0.327,0.364,0.259,0,162,667.0
LAD,NL,1974.0,561.0,102.0,0.342,0.401,0.272,1,162,798.0
MIL,AL,1974.0,660.0,76.0,0.309,0.369,0.244,0,162,647.0
MIN,AL,1974.0,669.0,82.0,0.336,0.3779999999999999,0.272,0,163,673.0
MON,NL,1974.0,657.0,79.0,0.335,0.35,0.254,0,161,662.0
NYM,NL,1974.0,646.0,71.0,0.311,0.3289999999999999,0.235,0,162,572.0
NYY,AL,1974.0,623.0,89.0,0.324,0.368,0.263,0,162,671.0
OAK,AL,1974.0,551.0,90.0,0.321,0.373,0.247,1,162,689.0
PHI,NL,1974.0,701.0,80.0,0.32,0.373,0.261,0,162,676.0
PIT,NL,1974.0,657.0,88.0,0.335,0.391,0.2739999999999999,1,162,751.0
SDP,NL,1974.0,830.0,60.0,0.302,0.33,0.2289999999999999,0,162,541.0
SFG,NL,1974.0,723.0,72.0,0.322,0.358,0.252,0,162,634.0
STL,NL,1974.0,643.0,86.0,0.331,0.365,0.265,0,161,677.0
TEX,AL,1974.0,698.0,83.0,0.336,0.377,0.272,0,161,690.0
ATL,NL,1973.0,774.0,76.0,0.3389999999999999,0.427,0.266,0,162,799.0
BAL,AL,1973.0,561.0,97.0,0.345,0.389,0.266,1,162,754.0
BOS,AL,1973.0,647.0,89.0,0.3379999999999999,0.401,0.267,0,162,738.0
CAL,AL,1973.0,657.0,79.0,0.318,0.348,0.253,0,162,629.0
CHC,NL,1973.0,655.0,77.0,0.32,0.357,0.247,0,161,614.0
CHW,AL,1973.0,705.0,77.0,0.324,0.372,0.256,0,162,652.0
CIN,NL,1973.0,621.0,99.0,0.332,0.3829999999999999,0.254,1,162,741.0
CLE,AL,1973.0,826.0,71.0,0.315,0.387,0.256,0,162,680.0
DET,AL,1973.0,674.0,85.0,0.32,0.39,0.254,0,162,642.0
HOU,NL,1973.0,672.0,82.0,0.312,0.376,0.251,0,162,681.0
KCR,AL,1973.0,752.0,88.0,0.3389999999999999,0.381,0.261,0,162,755.0
LAD,NL,1973.0,565.0,95.0,0.3229999999999999,0.371,0.263,0,162,675.0
MIL,AL,1973.0,731.0,74.0,0.325,0.3879999999999999,0.253,0,162,708.0
MIN,AL,1973.0,692.0,81.0,0.342,0.3929999999999999,0.27,0,162,738.0
MON,NL,1973.0,702.0,79.0,0.34,0.364,0.251,0,162,668.0
NYM,NL,1973.0,588.0,82.0,0.315,0.3379999999999999,0.246,1,161,608.0
NYY,AL,1973.0,610.0,80.0,0.322,0.3779999999999999,0.261,0,162,641.0
OAK,AL,1973.0,615.0,94.0,0.3329999999999999,0.389,0.26,1,162,758.0
PHI,NL,1973.0,717.0,71.0,0.31,0.371,0.249,0,162,642.0
PIT,NL,1973.0,693.0,80.0,0.315,0.405,0.261,0,162,704.0
SDP,NL,1973.0,770.0,60.0,0.296,0.351,0.244,0,162,548.0
SFG,NL,1973.0,702.0,88.0,0.335,0.407,0.262,0,162,739.0
STL,NL,1973.0,603.0,81.0,0.325,0.357,0.259,0,162,643.0
TEX,AL,1973.0,844.0,57.0,0.318,0.361,0.255,0,162,619.0
ATL,NL,1971.0,699.0,82.0,0.312,0.385,0.257,0,162,643.0
BAL,AL,1971.0,530.0,101.0,0.347,0.3979999999999999,0.261,1,158,742.0
BOS,AL,1971.0,667.0,85.0,0.322,0.397,0.252,0,162,691.0
CAL,AL,1971.0,576.0,76.0,0.29,0.3289999999999999,0.231,0,162,511.0
CHC,NL,1971.0,648.0,83.0,0.325,0.3779999999999999,0.258,0,162,637.0
CHW,AL,1971.0,597.0,79.0,0.325,0.373,0.25,0,162,617.0
CIN,NL,1971.0,581.0,79.0,0.3,0.366,0.241,0,162,586.0
CLE,AL,1971.0,747.0,60.0,0.3,0.342,0.238,0,162,543.0
DET,AL,1971.0,645.0,91.0,0.325,0.405,0.254,0,162,701.0
HOU,NL,1971.0,567.0,79.0,0.302,0.34,0.24,0,162,585.0
KCR,AL,1971.0,566.0,85.0,0.313,0.353,0.25,0,161,603.0
LAD,NL,1971.0,587.0,89.0,0.325,0.37,0.266,0,162,663.0
MIL,AL,1971.0,609.0,69.0,0.304,0.3289999999999999,0.2289999999999999,0,161,534.0
MIN,AL,1971.0,670.0,74.0,0.3229999999999999,0.372,0.26,0,160,654.0
MON,NL,1971.0,729.0,71.0,0.322,0.3429999999999999,0.246,0,162,622.0
NYM,NL,1971.0,550.0,83.0,0.319,0.351,0.249,0,162,588.0
NYY,AL,1971.0,641.0,81.0,0.3279999999999999,0.36,0.254,0,162,648.0
OAK,AL,1971.0,564.0,101.0,0.321,0.384,0.252,1,161,691.0
PHI,NL,1971.0,688.0,67.0,0.298,0.35,0.233,0,162,558.0
PIT,NL,1971.0,599.0,97.0,0.33,0.416,0.2739999999999999,1,162,788.0
SDP,NL,1971.0,610.0,61.0,0.293,0.332,0.233,0,161,486.0
SFG,NL,1971.0,644.0,90.0,0.3289999999999999,0.3779999999999999,0.247,1,162,706.0
STL,NL,1971.0,699.0,90.0,0.3379999999999999,0.385,0.275,0,163,739.0
WSA,AL,1971.0,660.0,63.0,0.307,0.326,0.23,0,159,537.0
ATL,NL,1970.0,772.0,76.0,0.3339999999999999,0.4039999999999999,0.27,0,162,736.0
BAL,AL,1970.0,574.0,108.0,0.344,0.401,0.257,1,162,792.0
BOS,AL,1970.0,722.0,87.0,0.335,0.428,0.262,0,162,786.0
CAL,AL,1970.0,630.0,86.0,0.309,0.363,0.251,0,162,631.0
CHC,NL,1970.0,679.0,84.0,0.3329999999999999,0.415,0.259,0,162,806.0
CHW,AL,1970.0,822.0,56.0,0.315,0.362,0.253,0,162,633.0
CIN,NL,1970.0,681.0,102.0,0.336,0.436,0.27,1,162,775.0
CLE,AL,1970.0,675.0,76.0,0.314,0.3939999999999999,0.249,0,162,649.0
DET,AL,1970.0,731.0,79.0,0.322,0.374,0.238,0,162,666.0
HOU,NL,1970.0,763.0,79.0,0.332,0.391,0.259,0,162,744.0
KCR,AL,1970.0,705.0,65.0,0.309,0.348,0.244,0,162,611.0
LAD,NL,1970.0,684.0,87.0,0.3339999999999999,0.382,0.27,0,161,749.0
MIL,AL,1970.0,751.0,65.0,0.319,0.358,0.242,0,163,613.0
MIN,AL,1970.0,605.0,98.0,0.327,0.4029999999999999,0.262,1,162,744.0
MON,NL,1970.0,807.0,73.0,0.3229999999999999,0.365,0.237,0,162,687.0
NYM,NL,1970.0,630.0,83.0,0.3329999999999999,0.37,0.249,0,162,695.0
NYY,AL,1970.0,612.0,93.0,0.324,0.365,0.251,0,163,680.0
OAK,AL,1970.0,593.0,89.0,0.325,0.392,0.249,0,162,678.0
PHI,NL,1970.0,730.0,73.0,0.305,0.356,0.238,0,161,594.0
PIT,NL,1970.0,664.0,89.0,0.325,0.406,0.27,1,162,729.0
SDP,NL,1970.0,788.0,63.0,0.312,0.391,0.246,0,162,681.0
SFG,NL,1970.0,826.0,86.0,0.351,0.409,0.262,0,162,831.0
STL,NL,1970.0,747.0,76.0,0.331,0.379,0.263,0,162,744.0
WSA,AL,1970.0,689.0,70.0,0.321,0.358,0.238,0,162,626.0
ATL,NL,1969.0,631.0,93.0,0.321,0.38,0.258,1,162,691.0
BAL,AL,1969.0,517.0,109.0,0.3429999999999999,0.414,0.265,1,162,779.0
BOS,AL,1969.0,736.0,87.0,0.3329999999999999,0.415,0.251,0,162,743.0
CAL,AL,1969.0,652.0,71.0,0.3,0.319,0.23,0,163,528.0
CHC,NL,1969.0,611.0,92.0,0.3229999999999999,0.384,0.253,0,163,720.0
CHW,AL,1969.0,723.0,68.0,0.32,0.357,0.247,0,162,625.0
CIN,NL,1969.0,768.0,89.0,0.335,0.422,0.2769999999999999,0,163,798.0
CLE,AL,1969.0,717.0,62.0,0.307,0.345,0.237,0,161,573.0
DET,AL,1969.0,601.0,90.0,0.316,0.387,0.242,0,162,701.0
HOU,NL,1969.0,668.0,81.0,0.33,0.352,0.24,0,162,676.0
KCR,AL,1969.0,688.0,69.0,0.309,0.3379999999999999,0.24,0,163,586.0
LAD,NL,1969.0,561.0,85.0,0.315,0.359,0.254,0,162,645.0
MIN,AL,1969.0,618.0,97.0,0.34,0.408,0.268,1,162,790.0
MON,NL,1969.0,791.0,52.0,0.31,0.359,0.24,0,162,582.0
NYM,NL,1969.0,541.0,100.0,0.311,0.351,0.242,1,162,632.0
NYY,AL,1969.0,587.0,80.0,0.308,0.344,0.235,0,162,562.0
OAK,AL,1969.0,678.0,88.0,0.3289999999999999,0.376,0.249,0,162,740.0
PHI,NL,1969.0,745.0,63.0,0.312,0.372,0.241,0,162,645.0
PIT,NL,1969.0,652.0,88.0,0.3339999999999999,0.3979999999999999,0.2769999999999999,0,162,725.0
SDP,NL,1969.0,746.0,52.0,0.285,0.3289999999999999,0.225,0,162,468.0
SEP,AL,1969.0,799.0,64.0,0.316,0.346,0.2339999999999999,0,163,639.0
SFG,NL,1969.0,636.0,90.0,0.3339999999999999,0.361,0.242,0,162,713.0
STL,NL,1969.0,540.0,87.0,0.316,0.359,0.253,0,162,595.0
WSA,AL,1969.0,644.0,86.0,0.33,0.3779999999999999,0.251,0,162,694.0
ATL,NL,1968.0,549.0,81.0,0.307,0.3389999999999999,0.252,0,163,514.0
BAL,AL,1968.0,497.0,91.0,0.304,0.352,0.225,0,162,579.0
BOS,AL,1968.0,611.0,86.0,0.313,0.352,0.236,0,162,614.0
CAL,AL,1968.0,615.0,67.0,0.291,0.318,0.2269999999999999,0,162,498.0
CHC,NL,1968.0,611.0,84.0,0.298,0.366,0.242,0,163,612.0
CHW,AL,1968.0,527.0,67.0,0.284,0.311,0.228,0,162,463.0
CIN,NL,1968.0,673.0,83.0,0.32,0.389,0.273,0,163,690.0
CLE,AL,1968.0,504.0,86.0,0.293,0.327,0.2339999999999999,0,162,516.0
DET,AL,1968.0,492.0,103.0,0.307,0.385,0.235,1,164,671.0
HOU,NL,1968.0,588.0,72.0,0.298,0.317,0.231,0,162,510.0
LAD,NL,1968.0,509.0,76.0,0.289,0.319,0.23,0,162,470.0
MIN,AL,1968.0,546.0,79.0,0.299,0.35,0.237,0,162,562.0
NYM,NL,1968.0,499.0,73.0,0.281,0.315,0.228,0,163,473.0
NYY,AL,1968.0,531.0,83.0,0.292,0.318,0.214,0,164,536.0
OAK,AL,1968.0,544.0,82.0,0.304,0.3429999999999999,0.24,0,163,569.0
PHI,NL,1968.0,615.0,76.0,0.294,0.3329999999999999,0.233,0,162,543.0
PIT,NL,1968.0,532.0,80.0,0.306,0.3429999999999999,0.252,0,163,583.0
SFG,NL,1968.0,529.0,88.0,0.307,0.341,0.239,0,163,599.0
STL,NL,1968.0,472.0,97.0,0.298,0.346,0.249,1,162,583.0
WSA,AL,1968.0,665.0,65.0,0.287,0.336,0.2239999999999999,0,161,524.0
ATL,NL,1967.0,640.0,77.0,0.307,0.372,0.24,0,162,631.0
BAL,AL,1967.0,592.0,76.0,0.31,0.372,0.24,0,161,654.0
BOS,AL,1967.0,614.0,92.0,0.321,0.395,0.255,1,162,722.0
CAL,AL,1967.0,587.0,84.0,0.301,0.349,0.238,0,161,567.0
CHC,NL,1967.0,624.0,87.0,0.316,0.3779999999999999,0.251,0,162,702.0
CHW,AL,1967.0,491.0,89.0,0.291,0.32,0.225,0,162,531.0
CIN,NL,1967.0,563.0,87.0,0.297,0.372,0.248,0,162,604.0
CLE,AL,1967.0,613.0,75.0,0.293,0.359,0.235,0,162,559.0
DET,AL,1967.0,587.0,91.0,0.325,0.376,0.243,0,163,683.0
HOU,NL,1967.0,742.0,69.0,0.317,0.364,0.249,0,162,626.0
KCA,AL,1967.0,660.0,62.0,0.296,0.33,0.233,0,161,533.0
LAD,NL,1967.0,595.0,73.0,0.301,0.332,0.236,0,162,519.0
MIN,AL,1967.0,590.0,91.0,0.309,0.369,0.24,0,164,671.0
NYM,NL,1967.0,672.0,61.0,0.288,0.325,0.238,0,162,498.0
NYY,AL,1967.0,621.0,72.0,0.296,0.317,0.225,0,163,522.0
PHI,NL,1967.0,581.0,82.0,0.313,0.357,0.242,0,162,612.0
PIT,NL,1967.0,693.0,81.0,0.324,0.38,0.2769999999999999,0,163,679.0
SFG,NL,1967.0,551.0,91.0,0.313,0.372,0.245,0,162,652.0
STL,NL,1967.0,557.0,101.0,0.32,0.379,0.263,1,161,695.0
WSA,AL,1967.0,637.0,76.0,0.288,0.326,0.223,0,161,550.0
ATL,NL,1966.0,683.0,85.0,0.326,0.424,0.263,0,163,782.0
BAL,AL,1966.0,601.0,97.0,0.324,0.409,0.258,1,160,755.0
BOS,AL,1966.0,731.0,72.0,0.31,0.376,0.24,0,162,655.0
CAL,AL,1966.0,643.0,80.0,0.303,0.354,0.2319999999999999,0,162,604.0
CHC,NL,1966.0,809.0,59.0,0.313,0.38,0.254,0,162,644.0
CHW,AL,1966.0,517.0,83.0,0.297,0.331,0.231,0,163,574.0
CIN,NL,1966.0,702.0,76.0,0.309,0.395,0.26,0,160,692.0
CLE,AL,1966.0,586.0,81.0,0.297,0.36,0.237,0,162,574.0
DET,AL,1966.0,698.0,88.0,0.321,0.406,0.251,0,162,719.0
HOU,NL,1966.0,695.0,72.0,0.318,0.365,0.255,0,163,612.0
KCA,AL,1966.0,648.0,74.0,0.294,0.337,0.236,0,160,564.0
LAD,NL,1966.0,490.0,95.0,0.314,0.362,0.256,1,162,606.0
MIN,AL,1966.0,581.0,89.0,0.316,0.382,0.249,0,162,663.0
NYM,NL,1966.0,761.0,66.0,0.301,0.342,0.239,0,161,587.0
NYY,AL,1966.0,612.0,70.0,0.299,0.374,0.235,0,160,611.0
PHI,NL,1966.0,640.0,87.0,0.322,0.3779999999999999,0.258,0,162,696.0
PIT,NL,1966.0,641.0,92.0,0.3289999999999999,0.428,0.2789999999999999,0,162,759.0
SFG,NL,1966.0,626.0,93.0,0.303,0.392,0.248,0,161,675.0
STL,NL,1966.0,577.0,83.0,0.298,0.368,0.251,0,162,571.0
WSA,AL,1966.0,659.0,71.0,0.295,0.355,0.2339999999999999,0,159,557.0
BAL,AL,1965.0,578.0,94.0,0.307,0.363,0.238,0,162,641.0
BOS,AL,1965.0,791.0,62.0,0.327,0.4,0.251,0,162,669.0
CAL,AL,1965.0,569.0,75.0,0.297,0.341,0.239,0,162,527.0
CHC,NL,1965.0,723.0,72.0,0.307,0.358,0.238,0,164,635.0
CHW,AL,1965.0,555.0,95.0,0.315,0.364,0.246,0,162,647.0
CIN,NL,1965.0,704.0,89.0,0.3389999999999999,0.439,0.273,0,162,825.0
CLE,AL,1965.0,613.0,87.0,0.315,0.379,0.25,0,162,663.0
DET,AL,1965.0,602.0,89.0,0.312,0.374,0.238,0,162,680.0
HOU,NL,1965.0,711.0,65.0,0.305,0.34,0.237,0,162,569.0
KCA,AL,1965.0,755.0,59.0,0.309,0.358,0.24,0,162,585.0
LAD,NL,1965.0,521.0,97.0,0.312,0.335,0.245,1,162,608.0
MIN,AL,1965.0,600.0,102.0,0.324,0.3989999999999999,0.254,1,162,774.0
MLN,NL,1965.0,633.0,86.0,0.31,0.416,0.256,0,162,708.0
NYM,NL,1965.0,752.0,50.0,0.2769999999999999,0.327,0.221,0,164,495.0
NYY,AL,1965.0,604.0,77.0,0.299,0.364,0.235,0,162,611.0
PHI,NL,1965.0,667.0,85.0,0.313,0.384,0.25,0,162,654.0
PIT,NL,1965.0,580.0,90.0,0.317,0.382,0.265,0,163,675.0
SFG,NL,1965.0,593.0,95.0,0.313,0.385,0.252,0,163,682.0
STL,NL,1965.0,674.0,80.0,0.314,0.371,0.254,0,162,707.0
WSA,AL,1965.0,721.0,70.0,0.304,0.35,0.228,0,162,591.0
BAL,AL,1964.0,567.0,97.0,0.316,0.387,0.248,0,163,679.0
BOS,AL,1964.0,793.0,72.0,0.322,0.416,0.258,0,162,688.0
CHC,NL,1964.0,724.0,76.0,0.314,0.39,0.251,0,162,649.0
CHW,AL,1964.0,501.0,98.0,0.32,0.353,0.247,0,162,642.0
CIN,NL,1964.0,566.0,92.0,0.308,0.372,0.249,0,163,660.0
CLE,AL,1964.0,693.0,79.0,0.312,0.38,0.247,0,164,689.0
DET,AL,1964.0,678.0,85.0,0.319,0.395,0.253,0,163,699.0
HOU,NL,1964.0,628.0,66.0,0.285,0.315,0.2289999999999999,0,162,495.0
KCA,AL,1964.0,836.0,57.0,0.311,0.379,0.239,0,163,621.0
LAA,AL,1964.0,551.0,82.0,0.304,0.344,0.242,0,162,544.0
LAD,NL,1964.0,572.0,80.0,0.305,0.34,0.25,0,164,614.0
MIN,AL,1964.0,678.0,79.0,0.322,0.427,0.252,0,163,737.0
MLN,NL,1964.0,744.0,88.0,0.3329999999999999,0.418,0.272,0,162,803.0
NYM,NL,1964.0,776.0,53.0,0.296,0.348,0.246,0,163,569.0
NYY,AL,1964.0,577.0,99.0,0.317,0.387,0.253,1,164,730.0
PHI,NL,1964.0,632.0,92.0,0.315,0.391,0.258,0,162,693.0
PIT,NL,1964.0,636.0,80.0,0.315,0.389,0.264,0,162,663.0
SFG,NL,1964.0,587.0,90.0,0.31,0.382,0.246,0,162,656.0
STL,NL,1964.0,652.0,93.0,0.324,0.392,0.272,1,162,715.0
WSA,AL,1964.0,733.0,62.0,0.299,0.348,0.231,0,162,578.0
BAL,AL,1963.0,621.0,86.0,0.31,0.38,0.249,0,162,644.0
BOS,AL,1963.0,704.0,76.0,0.312,0.4,0.252,0,161,666.0
CHC,NL,1963.0,578.0,82.0,0.297,0.363,0.238,0,162,570.0
CHW,AL,1963.0,544.0,94.0,0.3229999999999999,0.365,0.25,0,162,683.0
CIN,NL,1963.0,594.0,86.0,0.31,0.371,0.246,0,162,648.0
CLE,AL,1963.0,702.0,79.0,0.301,0.381,0.239,0,162,635.0
DET,AL,1963.0,703.0,79.0,0.327,0.382,0.252,0,162,700.0
HOU,NL,1963.0,640.0,66.0,0.283,0.301,0.22,0,162,464.0
KCA,AL,1963.0,704.0,73.0,0.313,0.353,0.247,0,162,615.0
LAA,AL,1963.0,660.0,70.0,0.309,0.354,0.25,0,161,597.0
LAD,NL,1963.0,550.0,99.0,0.309,0.357,0.251,1,163,640.0
MIN,AL,1963.0,602.0,91.0,0.325,0.43,0.255,0,161,767.0
MLN,NL,1963.0,603.0,84.0,0.312,0.37,0.244,0,163,677.0
NYM,NL,1963.0,774.0,51.0,0.285,0.315,0.2189999999999999,0,162,501.0
NYY,AL,1963.0,547.0,104.0,0.309,0.4029999999999999,0.252,1,161,714.0
PHI,NL,1963.0,578.0,87.0,0.306,0.381,0.252,0,162,642.0
PIT,NL,1963.0,595.0,74.0,0.309,0.359,0.25,0,162,567.0
SFG,NL,1963.0,641.0,88.0,0.316,0.414,0.258,0,162,725.0
STL,NL,1963.0,628.0,93.0,0.326,0.4029999999999999,0.271,0,162,747.0
WSA,AL,1963.0,812.0,56.0,0.293,0.351,0.2269999999999999,0,162,578.0
BAL,AL,1962.0,680.0,77.0,0.314,0.387,0.248,0,162,652.0
BOS,AL,1962.0,756.0,76.0,0.324,0.4029999999999999,0.258,0,160,707.0
CHC,NL,1962.0,827.0,59.0,0.317,0.377,0.253,0,162,632.0
CHW,AL,1962.0,658.0,85.0,0.3339999999999999,0.372,0.257,0,162,707.0
CIN,NL,1962.0,685.0,98.0,0.332,0.417,0.27,0,162,802.0
CLE,AL,1962.0,745.0,80.0,0.312,0.3879999999999999,0.245,0,162,682.0
DET,AL,1962.0,692.0,85.0,0.33,0.411,0.248,0,161,758.0
HOU,NL,1962.0,717.0,64.0,0.31,0.351,0.246,0,162,592.0
KCA,AL,1962.0,837.0,72.0,0.332,0.386,0.263,0,162,745.0
LAA,AL,1962.0,706.0,86.0,0.325,0.38,0.25,0,162,718.0
LAD,NL,1962.0,697.0,102.0,0.337,0.4,0.268,0,165,842.0
MIN,AL,1962.0,713.0,91.0,0.3379999999999999,0.412,0.26,0,163,798.0
MLN,NL,1962.0,665.0,86.0,0.326,0.4029999999999999,0.252,0,162,730.0
NYM,NL,1962.0,948.0,40.0,0.318,0.361,0.24,0,161,617.0
NYY,AL,1962.0,680.0,96.0,0.337,0.426,0.267,1,162,817.0
PHI,NL,1962.0,759.0,81.0,0.33,0.39,0.26,0,161,705.0
PIT,NL,1962.0,626.0,93.0,0.321,0.3939999999999999,0.268,0,161,706.0
SFG,NL,1962.0,690.0,103.0,0.341,0.441,0.278,1,165,878.0
STL,NL,1962.0,664.0,84.0,0.335,0.3939999999999999,0.271,0,163,774.0
WSA,AL,1962.0,716.0,60.0,0.308,0.373,0.25,0,162,599.0
